,DAY,TIME,River Road YARRAWONGA - kWh Consumption,Beatties Road YARRAWONGA - kWh Consumption,40 Bailey Street BUNDALONG - kWh Consumption,40 Bailey Street BUNDALONG - kWh Generation,Kerr Street WANGARATTA - kWh Consumption,Detour Road WANGARATTA - kWh Consumption,Buffalo Creek Road BUFFALO CREEK - kWh Consumption,Murray Valley Highway BANDIANA   - kWh Consumption,261 Whytes Road BARANDUDA  - kWh Consumption,Embankment Dr MOUNT BEAUTY - kWh Consumption,Back Porepunkah Rd BRIGHT - kWh Consumption,228 Phillipson Street WANGARATTA - kWh Consumption,Halls Road MYRTLEFORD - kWh Consumption,Greenwattle Gap Road CORRYONG - kWh Consumption,83 Thomas Mitchell Drive WODONGA - kWh Consumption,83 Thomas Mitchell Drive WODONGA - kWh Generation,Great Alpine Road FREEBURGH - kWh Consumption,Mill Street WODONGA - kWh Consumption,Faithful Street WANGARATTA - kWh Consumption,Holdsworth Road BENALLA - kWh Consumption,Hawthorn Lane BRIGHT - kWh Consumption,Detour Road WANGARATTA - kWh Consumption.1,Swan Street WANGARATTA - kWh Consumption,Sandford Road WANGARATTA - kWh Consumption,Back Wahgunyah Road WAHGUNYAH - kWh Consumption,South Street WODONGA - kWh Consumption,Cadel Terrace WAHGUNYAH - kWh Consumption,Beechworth Road WODONGA - kWh Consumption,Nariel Rd CUDGEWA - kWh Consumption,Murray Valley Hwy BANDIANA MILPO - kWh Consumption,Kilfera Road MOLYULLAH - kWh Consumption,Great Alpine Road MYRTLEFORD - kWh Consumption,Witt Street YARRAWONGA - kWh Consumption,Witt Street YARRAWONGA - kWh Generation,Wodonga WTP
0,Monday,00:00:00,10.589,34.52,0.956,0,5.855,38.848,0.014,58.079499999999996,14.184,11.8235,35.8,5.3555,20.0795,17.228,10.64,0,27.951999999999998,293.36,38.964,20.287,0.0,31.951,5.524,14.7515,14.344,23.858,55.406,103.768,5.03,11.22,32.096000000000004,14.4555,34.32,0,295.3
1,Monday,00:30:00,0.022,32.4195,1.192,0,1.376,38.783500000000004,0.014,58.064,12.963000000000001,10.544,35.8,4.579,19.984,17.48,11.12,0,24.0785,292.68,54.18000000000001,20.208,0.0,32.064,0.28400000000000003,14.732000000000001,14.259,21.772,4.3870000000000005,103.616,5.03,11.63,26.726,14.3035,28.003999999999998,0,292.7
2,Monday,01:00:00,0.022,32.352000000000004,0.9630000000000001,0,1.344,38.72,0.014,57.688,12.312000000000001,10.3345,35.65,4.7595,19.488,15.84,10.9755,0,19.056,292.97,60.808,20.2795,0.0,32.352,9.719999999999999,14.728,14.270499999999998,20.008,2.598,103.55199999999999,5.03,11.379999999999999,17.234,14.439499999999999,26.112000000000002,0,293.5
3,Monday,01:30:00,0.022,34.775999999999996,1.4715,0,1.3599999999999999,38.735,0.014,57.120000000000005,12.131,13.8235,35.55,4.6080000000000005,19.408,15.5195,10.7355,0,18.272,293.0,70.604,20.228,0.0,32.432,0.288,14.8395,14.254999999999999,18.042,2.5365,103.45599999999999,5.03,11.25,5.684,13.455,20.555999999999997,0,294.05
4,Monday,02:00:00,0.022,34.16,1.6275,0,1.3915,37.5035,0.014,56.8715,11.636,13.440000000000001,32.0,3.8434999999999997,19.536,15.055499999999999,10.4955,0,9.2635,292.4,68.684,20.235500000000002,0.0,32.56,0.292,14.692,14.2515,15.975999999999999,2.5945,103.188,5.035,11.24,5.4719999999999995,13.9435,22.804000000000002,0,289.5
5,Monday,02:30:00,0.022,32.8475,1.8639999999999999,0,1.344,37.536,0.014,42.7515,10.576,11.8875,31.950000000000003,3.424,18.432,14.3585,10.416,0,8.751999999999999,288.28,63.964,20.176000000000002,0.0,32.48,4.14,14.668,14.3155,15.986,2.447,103.09200000000001,5.04,36.970000000000006,4.75,15.76,20.584,0,288.35
6,Monday,03:00:00,0.022,31.512,1.492,0,1.344,37.471999999999994,0.014,41.8875,10.256,7.104,31.85,3.448,15.312,10.6955,10.319500000000001,0,7.327500000000001,287.99,61.144000000000005,20.14,0.0,32.3675,4.456,14.707999999999998,14.2795,14.202,3.1559999999999997,103.268,5.03,41.6,4.656000000000001,15.3915,24.764000000000003,0,287.15
7,Monday,03:30:00,0.022,32.456,1.911,0,1.423,37.6155,0.014,41.896,10.204,13.616,31.75,3.2670000000000003,11.552,10.77,10.3195,0,7.823,288.19,62.556,20.155,0.0,32.463499999999996,0.292,13.783999999999999,14.3355,11.984,2.3865,103.112,5.035,41.77,4.648,11.1435,27.084000000000003,0,282.55
8,Monday,04:00:00,0.022,32.412,1.8515000000000001,0,1.3599999999999999,37.439499999999995,0.014,40.096000000000004,10.1075,12.688,30.8,4.28,11.295499999999999,8.359,10.543,0,7.839500000000001,287.83,60.824,20.167499999999997,0.0,32.48,0.288,7.9915,14.34,11.732,2.6325,102.928,5.035,41.64,4.162,11.447500000000002,29.5,0,284.6
9,Monday,04:30:00,3.052,30.240000000000002,2.172,0,1.3599999999999999,37.504,0.014,40.111999999999995,9.7915,10.272,30.6,4.6955,11.327499999999999,5.504,10.5915,0,7.424,288.11,46.824,20.0875,0.0,32.4315,0.536,7.884,14.2955,11.905999999999999,2.4715,102.532,5.025,76.83,4.13,14.28,37.936,0,280.70000000000005
10,Monday,05:00:00,11.762,20.756,2.216,0,1.3599999999999999,37.487,0.014,40.056,8.451,10.895,30.450000000000003,5.648,11.776,5.1754999999999995,10.607,0,7.632,263.68,48.736,20.06,0.0,32.623999999999995,4.244,8.2715,14.2955,12.232,2.636,102.324,5.035,77.58,4.052,14.375499999999999,41.404,0,279.2
11,Monday,05:30:00,21.585,28.808,2.348,0,1.312,38.352000000000004,0.014,37.912000000000006,8.4115,14.144,30.5,6.907,11.7275,5.216,10.4635,0,7.216,229.81,65.46000000000001,20.1875,0.0,32.4795,0.33999999999999997,7.6515,14.2995,12.572,2.831,102.348,5.03,78.1,4.192,14.328,53.7,0,277.75
12,Monday,06:00:00,11.758,28.46,2.4154999999999998,0,1.2,38.703,0.014,19.127499999999998,6.832,11.663499999999999,30.549999999999997,7.919,11.472,5.1875,44.334999999999994,0,7.744,229.98000000000002,73.572,20.2115,0.0,32.528,0.28,7.628,14.296,13.614,3.4095000000000004,102.348,5.025,80.14,4.58,14.527000000000001,43.22,0,280.15
13,Monday,06:30:00,11.739999999999998,28.016000000000002,2.116,0,3.6,38.591,0.014,19.2305,6.7755,12.08,30.5,8.9875,10.5435,7.0,55.2,0,7.856,229.67000000000002,85.416,20.5315,0.0,32.8955,9.339500000000001,7.8075,14.335999999999999,14.32,5.557,101.96000000000001,4.2700000000000005,80.94,9.23,13.44,49.72,0,284.4
14,Monday,07:00:00,23.239,27.835500000000003,2.144,0,6.512,38.736000000000004,0.014,19.142999999999997,6.807,9.775,30.55,9.184,12.4155,11.815999999999999,51.5835,0,16.208,229.91,99.604,20.624,0.0,32.6075,1.8475,7.6955,14.34,15.518,3.032,102.048,3.4250000000000003,80.80000000000001,18.662,14.032,64.06,0,282.35
15,Monday,07:30:00,13.236,27.82,2.168,0,1.552,22.64,0.014,3.2155,6.8715,14.2715,30.65,8.779499999999999,12.208,17.788,47.855000000000004,0,52.416,105.75,107.548,20.596,0.0,32.335,12.744,7.704,14.280000000000001,21.454,2.6085000000000003,37.972,6.045,81.55,22.732,15.8555,63.796,0,278.7
16,Monday,08:00:00,5.994999999999999,18.0395,2.192,0,8.096,21.7755,0.014,0.47050000000000003,6.9555,14.096,30.450000000000003,8.9915,12.3835,26.964,47.584,0,55.247,86.53999999999999,103.684,20.724,0.0,32.32,8.488,7.7425,14.3,25.516,2.6665,26.804000000000002,5.83,80.38,32.848,15.831499999999998,53.496,0,272.05
17,Monday,08:30:00,11.777999999999999,15.447500000000002,1.983,0,11.6955,38.864,0.014,0.486,6.9715,12.447,30.5,9.312000000000001,12.447,26.299500000000002,48.079,0,54.8315,86.66999999999999,90.272,20.944000000000003,0.0,32.464,12.7915,7.8315,14.3235,25.356,30.268,76.584,2.83,83.11,33.141999999999996,8.888,61.608,0,277.54999999999995
18,Monday,09:00:00,11.751000000000001,23.088,1.9395,0,9.791500000000001,42.9755,0.014,0.478,6.8919999999999995,9.374500000000001,30.5,8.935500000000001,6.6235,27.679499999999997,49.5675,0,55.84,86.77,90.524,20.9515,0.0,32.336,11.411999999999999,7.931,14.888,25.984,81.9495,77.27600000000001,2.835,82.91999999999999,33.256,15.088000000000001,54.444,0,283.85
19,Monday,09:30:00,14.494,21.92,1.9195,0,8.208,43.152,0.0135,0.47850000000000004,10.736,16.623,30.3,8.456,4.384,20.287999999999997,50.288,0,56.3835,86.64,93.896,20.823999999999998,0.0,32.271,7.6594999999999995,8.251,22.487000000000002,27.076,84.0395,77.372,2.83,81.02000000000001,34.146,14.895,60.992000000000004,0,287.25
20,Monday,10:00:00,23.481,22.536,2.028,0,11.0875,43.632000000000005,0.0135,0.47050000000000003,6.9190000000000005,17.152,30.3,8.2395,4.032,17.38,43.2315,0,57.5835,86.45,106.004,20.859499999999997,0.0,31.807,12.052,8.644,29.3795,26.882,89.624,77.236,4.945,84.41,33.94,15.2395,68.404,0,290.65
21,Monday,10:30:00,23.468,17.711499999999997,2.036,0,18.0795,43.9995,0.014,36.959500000000006,6.9155,14.128,30.3,7.916,3.9835000000000003,16.524,44.0,0,58.016000000000005,209.14,96.488,20.8275,0.0,32.096000000000004,7.408,8.432,37.188,26.964,87.3425,70.20400000000001,5.22,81.18,34.092,18.9115,63.632000000000005,0,296.5
22,Monday,11:00:00,23.473,19.5915,2.0435,0,18.08,44.0475,0.0135,42.495999999999995,6.871499999999999,12.094999999999999,30.45,8.0075,4.0315,16.4835,50.128,0,58.32,230.56,109.908,21.2475,0.0,32.175,11.0755,14.6595,44.6035,27.314,58.4625,76.62,5.21,86.1,34.188,19.055500000000002,65.188,0,308.7
23,Monday,11:30:00,23.453,30.964,2.027,0,16.704,43.679500000000004,0.0135,42.1915,6.928,15.663499999999999,30.45,7.720000000000001,4.0,17.264000000000003,52.751,0,50.3515,269.43,99.75999999999999,21.216,0.0,31.935499999999998,6.307499999999999,14.852,44.7355,27.67,89.39949999999999,76.056,5.195,82.34,33.5,16.0235,63.216,0,315.9
24,Monday,12:00:00,23.450000000000003,30.792,2.0,0,14.367,43.1835,0.0135,42.4785,6.9079999999999995,16.096,30.5,6.9635,4.16,16.203,54.079499999999996,0,44.464,295.65999999999997,88.636,21.244,0.0,32.2235,13.7715,14.903500000000001,44.548,27.288,91.113,76.048,5.195,82.13,33.540000000000006,16.639499999999998,69.30799999999999,0,325.0
25,Monday,12:30:00,23.474,30.752000000000002,1.7755,0,17.568,42.8795,0.013,42.3995,11.279499999999999,13.344,30.55,6.667,4.272,16.2635,55.4555,0,37.199,295.68,77.06800000000001,21.1,0.0,32.206999999999994,12.856,14.620000000000001,44.6315,25.174,89.179,76.472,5.205,82.22,34.1,20.006999999999998,73.856,0,321.0
26,Monday,13:00:00,23.478,31.139499999999998,1.9595,0,16.736,43.0075,0.0135,40.3435,6.9399999999999995,11.0235,30.45,6.4355,4.639,16.5355,50.2395,0,26.1115,294.8,86.46799999999999,20.796,0.0,32.128,4.064,8.835999999999999,44.576,22.348,89.3595,76.292,5.195,82.8,27.741999999999997,19.6315,63.843999999999994,0,319.3
27,Monday,13:30:00,23.421999999999997,30.747,2.015,0,16.5595,44.1275,0.013,34.304,6.928,15.1355,30.6,6.535,6.7035,16.262999999999998,54.831500000000005,0,18.8475,295.56,77.476,20.68,0.0,32.239999999999995,8.552,8.92,44.632000000000005,22.4,89.77000000000001,76.404,5.195,82.55000000000001,22.400000000000002,15.359,62.471999999999994,0,315.35
28,Monday,14:00:00,23.435000000000002,30.939999999999998,1.9955,0,6.736,40.336,0.013,19.703000000000003,6.904,14.7675,30.5,6.2435,11.328,17.852,54.4,0,18.576,295.77,67.76400000000001,20.7115,0.0,32.207,11.508,8.996,44.707499999999996,22.67,83.6705,66.70400000000001,5.1850000000000005,82.68,31.497999999999998,15.84,59.6,0,314.95
29,Monday,14:30:00,15.235,31.0595,1.8635,0,6.016,40.288,0.0125,19.743000000000002,6.951499999999999,13.6475,30.4,6.503,12.08,16.2075,59.4555,0,10.975999999999999,295.09000000000003,63.736000000000004,20.636,0.0,31.968,8.0635,8.98,44.592,22.606,85.3095,52.708,5.195,83.28,20.477999999999998,15.463000000000001,52.532,0,312.9
30,Monday,15:00:00,2.862,30.844,1.712,0,11.423,41.296,0.013,19.591,6.9075,11.168,30.35,7.164,12.112,17.92,60.5755,0,8.224,294.5,89.36,20.636,0.0,31.9675,10.74,9.396,44.6435,20.588,89.0825,52.568,5.1850000000000005,82.99,20.168000000000003,15.968,49.188,0,310.25
31,Monday,15:30:00,11.735999999999999,30.784,1.859,0,9.4555,43.823499999999996,0.013,19.567,6.9239999999999995,14.207999999999998,30.549999999999997,7.515499999999999,12.144,17.575499999999998,58.752,0,8.3515,294.97,81.984,20.375,0.0,31.855,7.568,9.168,44.5995,19.238,86.71600000000001,52.556,5.175,82.05,20.056,19.319499999999998,51.44,0,297.85
32,Monday,16:00:00,11.738999999999999,30.508,1.944,0,6.7675,43.167,0.0125,19.582500000000003,6.9475,13.9835,30.5,8.696000000000002,16.4315,15.0755,57.7755,0,9.1355,293.57,61.992000000000004,20.36,0.0,31.951,6.156,9.224,44.620000000000005,18.488,88.7175,52.42,5.265000000000001,81.72999999999999,15.91,19.544,51.768,0,300.70000000000005
33,Monday,16:30:00,4.75,30.6075,2.0755,0,6.7355,43.439499999999995,0.013,3.5745,6.983499999999999,12.0955,30.6,10.4,17.36,14.175,53.0555,0,8.3995,167.97,65.48400000000001,20.4315,0.0,32.207499999999996,9.952,9.1955,38.048,18.804000000000002,89.66149999999999,33.344,5.345000000000001,81.65,14.678,15.968,49.308,0,291.29999999999995
34,Monday,17:00:00,2.1809999999999996,31.048000000000002,2.092,0,6.7515,43.168000000000006,0.0125,0.47850000000000004,7.007,12.3355,30.75,11.32,19.744,19.7955,34.16,0,8.6235,146.61,68.02,20.436,0.0,31.664,12.232,9.3555,32.403999999999996,19.344,85.2345,26.616,5.345000000000001,82.78999999999999,20.876,15.8635,52.488,0,282.2
35,Monday,17:30:00,19.688000000000002,20.1435,2.252,0,6.7355,43.2155,0.013,0.478,11.343499999999999,15.056000000000001,30.65,12.736,19.743499999999997,20.887,17.0875,0,22.799999999999997,117.64,88.108,20.4675,0.0,31.534999999999997,4.348,9.256,32.424,19.484,61.282,26.555999999999997,5.33,83.07,32.668,19.296,73.0,0,277.6
36,Monday,18:00:00,23.442999999999998,20.3355,2.316,0,4.591,43.2475,0.013,0.46299999999999997,6.932,13.04,30.5,14.619499999999999,19.2475,21.9155,17.6635,0,52.8475,66.54,96.856,20.375999999999998,0.0,31.6635,7.9719999999999995,9.176,32.3995,19.092,79.8845,26.535999999999998,5.34,83.02000000000001,33.382000000000005,18.92,77.45599999999999,0,273.65
37,Monday,18:30:00,23.479,20.343500000000002,2.372,0,1.423,43.0715,0.013,0.47050000000000003,6.9595,11.856,34.65,16.908,17.999499999999998,27.7035,17.7275,0,52.4795,80.27,111.056,20.408,0.0,32.0,11.559999999999999,9.256,36.588,19.848,53.5445,26.599999999999998,5.34,82.82,33.466,14.607000000000001,91.572,0,267.4
38,Monday,19:00:00,23.479,20.048,2.484,0,1.407,43.28,0.013,0.47050000000000003,6.952,11.744,34.9,16.804,19.055999999999997,26.851,17.262500000000003,0,55.056,80.12,114.58,20.671,0.0,32.2555,8.948,9.4435,40.156,20.954,66.2975,26.616,5.33,82.77,33.141999999999996,14.9355,89.232,0,301.4
39,Monday,19:30:00,23.483,20.4555,2.4,0,3.903,43.0875,0.0135,0.47050000000000003,6.9399999999999995,13.04,34.8,16.872,20.0,28.567999999999998,13.967500000000001,0,55.791,114.81,119.208,20.439999999999998,0.0,32.1435,11.376000000000001,8.8385,40.248000000000005,25.408,84.1235,65.276,5.34,82.4,32.936,14.6395,91.156,0,311.4
40,Monday,20:00:00,23.492,20.248,2.484,0,10.9275,43.1355,0.013,0.47850000000000004,6.916,13.632000000000001,34.85,15.836,18.976,17.1,14.8155,0,58.0155,184.37,112.096,20.336,0.0,32.063,11.884,8.999500000000001,40.344,23.402,86.2795,75.892,5.34,81.68,33.010000000000005,15.1355,91.00800000000001,0,319.75
41,Monday,20:30:00,23.484,20.208000000000002,2.4195,0,1.5354999999999999,43.215,0.014,0.5025,6.92,11.087,34.95,14.2835,20.0,21.212,13.872,0,57.935,228.57,93.436,20.340000000000003,0.0,32.2225,7.839499999999999,9.031500000000001,40.408,22.945999999999998,82.826,76.036,5.33,81.52000000000001,33.082,18.375500000000002,86.47200000000001,0,319.8
42,Monday,21:00:00,23.483,20.307499999999997,2.228,0,3.7595,43.1195,0.014,0.5035,6.9155,9.232,34.75,11.016,17.296,23.508000000000003,13.120000000000001,0,58.1435,228.12,77.96799999999999,20.352,0.0,32.286500000000004,9.3395,8.8,40.272000000000006,22.594,79.45500000000001,76.756,5.335,82.11,33.358000000000004,18.456,79.632,0,321.75
43,Monday,21:30:00,23.481,19.964000000000002,2.156,0,9.632,43.29600000000001,8.2005,0.5025,18.511499999999998,12.16,34.7,8.8675,19.5035,23.139499999999998,11.2635,0,54.4475,227.66,75.076,20.3475,0.0,32.127,8.804,8.771999999999998,40.292,21.768,62.2695,77.112,5.35,81.74000000000001,33.546,15.336,75.924,0,320.5
44,Monday,22:00:00,23.488,20.247999999999998,2.008,0,13.1035,43.0875,8.2835,0.495,12.096,12.992,34.55,7.2075,15.9995,20.956,11.36,0,45.6,227.79000000000002,63.704,20.344,0.0,32.208,14.931999999999999,8.5915,40.388,21.348,83.3245,77.492,5.345000000000001,81.9,33.763999999999996,15.792000000000002,72.436,0,319.4
45,Monday,22:30:00,23.491,20.184,1.0995,0,15.8235,43.344,8.2625,0.494,11.16,10.704,34.7,6.808,17.1835,21.3075,11.375499999999999,0,44.2395,285.28,40.828,20.344,0.0,32.079,1.3159999999999998,8.4875,40.416,20.254,90.83850000000001,77.596,5.34,81.85,33.202,19.072,68.98400000000001,0,316.1
46,Monday,23:00:00,23.453,19.712,0.888,0,14.111,43.2,8.238999999999999,0.8069999999999999,14.595,9.343499999999999,34.55,6.2595,14.207999999999998,20.316,11.344000000000001,0,44.6715,289.38,29.348,20.348,0.0,32.144,9.379,14.584,40.4835,19.728,89.3225,77.544,5.345,61.55,33.448,18.8395,54.120000000000005,0,312.95
47,Monday,23:30:00,16.678,20.732,0.716,0,14.1115,43.1515,8.221,64.4,15.856000000000002,10.8955,34.55,6.0280000000000005,14.384,15.9275,11.0075,0,44.399499999999996,351.5,52.824,20.332,0.0,32.031,11.568,14.762500000000001,40.439,18.88,54.975,136.62,5.335,48.019999999999996,33.39,14.535499999999999,51.516000000000005,0,310.7
48,Tuesday,00:00:00,0.022,4.224,0.663,0,11.776,38.719,16.335,72.96,13.128,12.224,29.9,5.567,8.928,14.52,10.272,0,33.568,297.24,27.384,19.752,0.0,32.256,7.216,20.688,36.424,18.196,2.958,144.32,5.17,15.92,32.088,14.304,30.664,0,286.7
49,Tuesday,00:30:00,0.022,4.2,0.671,0,7.072,38.367,16.243,72.624,11.584,10.271,29.9,5.455,9.024,15.288,10.943,0,27.359,297.3,58.584,19.672,0.0,32.255,2.088,20.528,36.416,17.428,2.99,144.304,5.15,31.12,32.62,15.07,25.928,0,279.4
50,Tuesday,01:00:00,0.024,4.184,0.944,0,1.439,38.752,16.361,72.432,12.608,7.647,29.8,5.399,8.896,15.392,10.688,0,28.83,296.98,57.912,19.64,0.0,32.256,10.887,20.455,36.336,15.916,2.732,143.672,5.16,77.62,13.424,15.2,24.44,0,276.3
51,Tuesday,01:30:00,0.022,4.296,1.256,0,1.344,38.367,16.411,72.415,12.479,13.472,30.0,5.4,8.64,14.263,11.04,0,27.552,296.78,59.016,19.728,0.0,32.16,0.288,20.496,36.384,14.676,3.288,143.88,5.15,79.84,8.012,15.216,25.296,0,272.0
52,Tuesday,02:00:00,0.022,4.272,1.16,0,1.344,38.72,16.383,72.384,10.352,11.744,30.0,5.376,8.896,17.8,10.88,0,28.351,297.16,56.952,19.672,0.0,32.288,2.496,20.456,36.336,14.796,2.656,144.12,5.14,79.54,5.336,15.36,18.376,0,269.8
53,Tuesday,02:30:00,0.022,4.264,1.592,0,1.344,38.719,16.327,66.992,10.216,9.055,30.1,5.376,8.8,15.448,10.4,0,20.384,296.08,37.44,19.76,0.0,32.415,8.424,20.552,36.272,13.784,2.8,143.92,5.14,79.64,5.348,13.632,37.696,0,264.0
54,Tuesday,03:00:00,0.024,4.296,1.007,0,1.344,38.431,16.518,42.272,10.079,8.192,30.0,5.288,4.959,7.63,10.304,0,8.544,296.74,22.424,19.896,0.0,32.064,0.288,20.592,36.312,12.252,3.04,143.696,5.14,80.08,5.0,14.256,36.728,0,260.0
55,Tuesday,03:30:00,0.022,9.288,1.967,0,1.344,38.752,16.363,41.92,9.983,11.072,29.8,5.327,4.255,7.44,10.432,0,7.52,296.56,23.872,19.576,0.0,32.158,7.304,19.296,36.32,12.3,3.007,143.144,5.11,80.04,5.34,17.152,21.432,0,259.5
56,Tuesday,04:00:00,0.022,9.327,1.631,0,1.344,38.367,16.338,41.984,9.872,10.72,29.9,5.456,4.224,7.016,10.336,0,7.679,268.06,22.976,19.4,0.0,32.416,0.543,8.831,36.28,11.112,45.258,143.104,5.13,79.5,5.32,16.448,24.488,0,257.7
57,Tuesday,04:30:00,0.022,9.312,2.136,0,1.312,39.04,16.361,42.175,10.0,10.336,30.0,6.112,3.935,6.52,10.431,0,7.423,171.96,47.136,19.327,0.0,32.223,4.896,8.808,36.344,11.192,82.254,108.936,5.12,79.72,5.368,13.52,30.776,0,256.8
58,Tuesday,05:00:00,0.022,9.48,2.296,0,1.312,38.848,16.349,41.776,9.712,9.12,29.9,6.319,3.807,5.424,10.143,0,7.392,171.46,58.288,19.592,0.0,32.383,0.296,8.72,36.408,11.132,2.805,103.248,5.13,79.58,4.34,13.632,26.536,0,256.4
59,Tuesday,05:30:00,0.022,23.024,2.431,0,1.344,38.496,16.27,41.936,6.816,12.896,30.0,8.192,3.935,3.664,10.56,0,7.359,171.66,62.648,19.52,0.0,32.127,2.56,7.663,36.408,11.456,2.798,100.24,5.13,80.98,4.388,13.744,34.168,0,262.1
60,Tuesday,06:00:00,3.236,25.552,2.376,0,1.184,38.496,16.192,41.76,6.832,11.136,29.9,9.344,3.902,3.44,46.015,0,7.84,222.36,63.936,19.536,0.0,32.351,8.04,7.703,36.32,10.996,2.697,100.104,5.11,80.68,5.268,14.512,41.248,0,274.6
61,Tuesday,06:30:00,4.994,25.368,2.16,0,1.216,38.208,16.205,38.208,6.784,11.168,30.0,11.28,3.871,11.255,52.896,0,7.264,166.96,98.016,19.84,0.0,32.511,5.304,7.679,36.336,12.216,2.774,99.656,5.12,80.56,5.236,21.295,58.288,0,270.0
62,Tuesday,07:00:00,23.538,31.24,2.112,0,1.248,38.464,16.405,38.304,6.896,9.44,29.9,11.28,4.0,14.591,47.648,0,7.424,184.4,117.792,19.576,0.0,32.223,9.528,7.76,36.272,14.412,2.837,56.592,5.09,80.58,4.48,21.472,67.752,0,268.0
63,Tuesday,07:30:00,23.486,41.872,2.088,0,10.528,38.08,0.144,1.038,6.784,13.919,30.0,8.68,4.607,15.0,45.534,0,40.511,293.82,123.776,19.792,0.0,32.031,8.672,7.743,36.272,17.76,61.795,52.496,5.1,80.92,6.764,13.663,72.064,0,272.7
64,Tuesday,08:00:00,23.48,41.936,2.144,0,15.264,38.4,0.014,0.736,6.928,12.799,30.2,8.64,4.256,16.312,45.312,0,55.264,293.7,116.056,19.536,0.0,32.095,12.248,7.838,36.44,19.856,3.196,52.504,5.08,85.06,10.148,15.168,73.568,0,293.9
65,Tuesday,08:30:00,23.52,41.928,1.903,0,13.504,38.464,0.014,0.766,6.944,12.864,30.2,8.696,4.288,15.616,46.655,0,56.128,293.98,88.8,19.704,0.0,32.32,10.48,7.831,36.352,21.124,49.407,52.736,5.08,85.38,17.528,17.248,72.456,0,307.4
66,Tuesday,09:00:00,23.452,35.776,1.863,0,18.368,38.368,0.014,0.782,6.999,11.648,30.1,8.055,6.815,17.688,45.984,0,55.424,293.08,105.824,20.111,0.0,32.319,9.064,7.864,36.248,22.364,88.667,52.72,5.08,86.18,32.436,16.687,69.992,0,324.4
67,Tuesday,09:30:00,23.466,39.848,1.896,0,17.344,38.592,0.014,0.782,11.271,12.863,29.4,6.512,4.863,16.431,47.808,0,55.936,293.34,108.768,19.832,0.0,32.126,12.896,8.952,36.28,24.272,67.515,12.28,5.06,85.12,33.004,13.696,69.144,0,329.0
68,Tuesday,10:00:00,23.444,42.76,1.8,0,17.408,38.016,0.014,0.751,7.008,14.336,29.5,6.208,4.608,16.248,44.287,0,56.192,117.36,110.184,19.792,0.0,32.16,8.6,8.127,36.344,21.288,49.447,0.832,5.06,84.78,33.164,13.744,64.936,0,350.7
69,Tuesday,10:30:00,23.454,37.624,1.736,0,17.504,38.336,0.013,37.04,6.951,13.023,29.8,6.319,7.232,17.032,42.656,0,56.831,180.38,112.048,19.966,0.0,32.223,15.904,8.28,36.36,21.388,79.025,49.472,5.05,85.04,33.348,13.68,71.832,0,343.2
70,Tuesday,11:00:00,23.446,36.472,1.8,0,17.216,39.295,0.014,42.415,6.99,12.448,29.9,6.096,19.103,19.08,48.704,0,54.815,168.64,103.736,19.944,0.0,32.319,12.335,20.16,36.36,25.548,84.989,53.032,5.04,85.3,33.456,14.815,71.048,0,338.7
71,Tuesday,11:30:00,21.702,33.608,1.904,0,17.152,39.136,0.014,42.368,7.031,12.832,30.0,5.8,19.968,17.824,50.848,0,58.88,171.34,109.976,19.64,0.0,32.255,3.296,20.536,36.392,27.996,92.52,52.944,5.04,85.5,33.36,17.04,63.256,0,340.5
72,Tuesday,12:00:00,9.956,35.72,2.039,0,13.919,38.784,0.013,42.335,7.006,15.584,30.3,5.672,20.03,16.408,50.848,0,59.455,171.96,113.584,19.672,0.0,32.191,13.127,20.824,36.328,26.7,90.79,52.664,5.03,85.74,33.912,17.12,53.512,0,343.4
73,Tuesday,12:30:00,0.02,34.12,1.928,0,11.712,39.168,0.013,42.59,11.327,11.999,30.5,5.664,19.52,19.927,49.119,0,30.72,171.62,116.376,19.504,0.0,32.062,10.856,20.048,36.408,26.256,94.614,52.712,5.04,86.5,33.448,18.815,50.528,0,348.9
74,Tuesday,13:00:00,0.022,33.84,1.512,0,11.712,38.974,0.013,42.351,6.992,9.344,30.8,5.504,20.32,16.055,45.086,0,30.304,171.52,110.608,20.591,0.0,31.87,6.103,8.983,36.408,23.876,94.705,52.752,5.03,86.02,33.4,18.719,61.496,0,348.3
75,Tuesday,13:30:00,5.274,33.592,1.68,0,12.383,39.264,0.013,42.064,6.968,15.135,30.7,5.495,19.999,16.152,47.968,0,30.304,225.28,102.344,20.528,0.0,32.0,12.295,8.784,36.36,25.86,88.182,52.656,5.02,85.52,12.028,18.736,55.128,0,346.2
76,Tuesday,14:00:00,0.692,35.416,1.527,0,11.68,39.231,0.012,42.159,6.976,16.127,30.6,5.598,19.488,20.575,47.168,0,29.792,295.72,116.992,19.664,0.0,32.128,3.512,8.656,36.416,24.556,91.375,52.648,5.0,85.88,8.936,17.984,46.288,0,326.2
77,Tuesday,14:30:00,23.424,35.792,1.464,0,11.744,39.072,0.013,41.92,7.031,11.616,30.6,6.36,20.576,19.76,45.856,0,18.048,279.98,101.4,19.303,0.0,32.127,11.624,8.712,36.336,25.684,92.962,52.632,4.98,82.2,11.888,13.791,62.664,0,335.0
78,Tuesday,15:00:00,23.476,34.751,1.8,0,17.28,40.255,0.013,41.92,7.056,12.223,30.6,6.135,20.32,16.903,39.743,0,11.552,288.76,81.56,19.456,0.0,32.127,7.408,9.616,36.464,26.108,84.107,52.464,4.98,86.4,5.52,13.536,62.344,0,339.5
79,Tuesday,15:30:00,23.48,34.464,1.632,0,17.216,40.0,0.013,13.215,6.999,13.472,30.5,5.783,19.424,9.232,41.664,0,11.167,288.98,63.744,19.775,0.0,32.126,12.27,9.391,36.464,22.052,58.267,52.36,4.97,83.9,3.928,14.832,67.952,0,342.9
80,Tuesday,16:00:00,23.482,34.296,1.927,0,17.184,40.224,0.012,0.815,6.984,12.832,30.5,6.128,20.192,8.503,40.576,0,11.263,288.52,58.968,19.752,0.0,32.286,10.751,9.015,36.599,20.384,3.376,52.36,4.96,84.12,3.896,16.128,68.368,0,337.4
81,Tuesday,16:30:00,23.49,36.832,1.951,0,17.216,39.999,0.013,0.782,6.96,13.056,30.7,7.688,20.16,8.256,39.712,0,9.696,41.62,58.288,19.704,0.0,32.224,5.72,9.12,32.151,22.88,3.296,7.312,4.95,83.5,3.912,16.944,71.48,0,333.4
82,Tuesday,17:00:00,23.444,34.784,2.128,0,17.152,40.224,0.012,0.175,6.96,11.136,30.8,9.32,20.096,8.343,28.896,0,8.736,1.56,63.592,19.56,0.0,32.288,10.872,9.064,28.352,22.468,3.616,0.84,4.95,83.64,4.008,15.999,77.288,0,333.1
83,Tuesday,17:30:00,23.468,34.376,2.136,0,17.184,39.104,0.013,0.19,11.408,13.696,30.8,10.392,20.192,19.4,21.599,0,10.207,1.62,65.032,19.688,0.0,32.415,12.192,9.032,28.352,23.336,3.187,0.84,4.94,83.92,4.216,13.712,94.656,0,334.8
84,Tuesday,18:00:00,23.47,34.264,2.224,0,17.12,38.912,0.013,0.175,6.959,13.888,30.8,12.632,10.112,19.136,23.008,0,25.216,1.46,47.96,19.608,0.0,31.87,8.184,9.08,28.416,25.744,3.48,0.84,4.95,84.22,20.64,14.351,93.36,0,334.9
85,Tuesday,18:30:00,23.47,37.528,2.383,0,17.152,39.104,0.013,0.19,6.968,11.136,30.6,14.504,9.696,17.592,22.4,0,50.207,1.46,59.968,19.672,0.0,31.839,10.078,9.056,32.495,23.192,77.031,0.832,4.94,82.86,31.788,21.152,90.696,0,329.2
86,Tuesday,19:00:00,23.508,38.656,2.44,0,17.184,38.752,0.013,0.175,6.936,10.303,30.4,16.848,9.983,18.048,17.919,0,54.816,1.42,67.288,19.624,0.0,32.288,13.479,9.04,35.904,25.792,85.781,0.848,4.93,82.12,32.1,21.44,84.088,0,329.3
87,Tuesday,19:30:00,23.524,36.136,2.32,0,17.184,38.974,0.014,0.175,6.92,14.272,30.4,17.344,6.272,20.095,12.864,0,54.016,1.46,74.888,19.648,0.0,32.16,8.248,8.88,35.967,28.568,85.609,0.84,4.93,81.86,31.944,13.728,88.248,0,333.8
88,Tuesday,20:00:00,23.486,33.904,2.552,0,17.216,38.816,0.013,0.19,6.912,11.136,30.5,15.32,4.927,19.128,13.952,0,55.103,1.38,71.216,19.736,0.0,32.382,14.72,8.608,36.175,26.224,81.64,0.848,4.94,82.12,31.876,14.128,85.256,0,337.0
89,Tuesday,20:30:00,23.508,31.072,2.368,0,17.312,39.263,0.013,0.175,6.928,11.552,30.6,12.24,4.448,19.752,13.12,0,55.295,1.38,66.688,19.752,0.0,32.031,4.536,8.767,36.136,28.296,73.386,52.616,4.95,77.4,31.364,13.983,77.536,0,334.1
90,Tuesday,21:00:00,23.494,5.976,2.128,0,19.488,38.976,0.014,0.19,6.92,11.328,30.8,10.096,5.118,23.568,13.152,0,56.64,1.32,79.544,19.432,0.0,32.319,12.336,8.704,36.12,26.7,86.795,53.672,4.94,77.4,32.368,14.815,67.392,0,339.1
91,Tuesday,21:30:00,23.49,4.528,2.112,0,27.648,38.976,16.331,0.175,14.974,12.032,30.7,8.712,4.448,18.792,11.712,0,57.984,1.32,73.944,19.584,0.0,32.224,13.159,8.6,36.127,26.856,94.73,53.84,4.94,77.24,28.74,15.424,67.16,0,340.7
92,Tuesday,22:00:00,23.498,4.504,2.072,0,22.24,38.974,16.394,0.19,13.632,13.344,30.7,6.399,4.32,15.998,11.072,0,56.67,1.3,63.0,19.544,0.0,32.062,9.703,9.32,36.256,26.268,98.861,53.864,4.94,77.36,31.98,15.583,63.472,0,335.6
93,Tuesday,22:30:00,23.444,4.496,1.552,0,16.672,38.848,16.36,0.175,12.39,10.527,30.4,6.055,4.48,15.8,10.912,0,56.512,1.28,60.336,19.44,0.0,32.191,11.0,9.184,36.272,25.904,92.805,53.832,4.94,65.06,32.436,13.76,51.512,0,331.4
94,Tuesday,23:00:00,5.82,4.471,0.951,0,16.672,39.007,16.314,0.19,14.368,10.112,30.5,5.407,4.544,18.6,10.88,0,53.792,1.26,57.488,19.648,0.0,32.287,0.352,20.192,36.416,25.584,95.972,53.856,4.94,22.5,32.716,14.416,31.832,0,326.9
95,Tuesday,23:30:00,0.022,4.168,0.863,0,11.936,38.784,16.3,63.888,15.095,12.736,30.4,5.535,4.992,18.464,10.592,0,57.088,308.94,58.44,19.712,0.0,32.48,11.152,20.511,36.304,26.304,98.927,122.552,4.94,18.32,32.144,17.056,30.584,0,330.2
96,Wednesday,00:00:00,0.022,4.176,0.903,0,11.936,39.167,16.294,73.568,12.848,12.544,30.5,4.999,4.575,17.728,10.623,0,57.216,308.9,60.792,19.584,0.0,32.864,4.408,21.192,36.248,26.136,98.453,144.448,4.94,8.3,32.292,16.416,18.2,0,334.2
97,Wednesday,00:30:00,0.024,0.439,1.503,0,11.872,38.848,16.316,73.216,11.84,9.312,30.3,5.063,4.192,15.848,10.463,0,29.888,309.1,60.848,19.672,0.0,32.544,0.8,20.862,36.248,21.964,94.764,144.368,4.92,7.74,32.156,21.216,39.344,0,338.9
98,Wednesday,01:00:00,0.022,0.398,0.96,0,11.84,39.2,16.257,72.768,12.672,10.143,30.6,5.103,4.864,15.944,10.943,0,27.615,308.56,35.776,19.664,0.0,32.03,4.624,20.567,36.344,21.936,60.932,144.056,4.93,7.58,32.768,21.328,31.88,0,350.4
99,Wednesday,01:30:00,0.022,0.328,1.344,0,4.864,39.04,16.252,72.704,14.736,13.216,30.4,5.175,4.16,15.079,11.04,0,26.239,298.4,55.752,19.696,0.0,32.511,3.528,20.592,36.264,19.716,3.289,144.032,4.93,7.62,32.924,13.935,38.744,0,354.8
100,Wednesday,02:00:00,0.024,0.288,1.408,0,1.376,38.816,16.259,72.704,13.392,9.984,30.4,5.032,4.192,12.072,10.88,0,8.128,296.76,57.256,19.824,0.0,32.351,4.832,20.616,36.328,19.092,2.98,143.68,4.93,7.98,33.016,14.656,20.472,0,355.1
101,Wednesday,02:30:00,0.022,0.288,1.936,0,1.344,39.072,16.277,71.904,10.656,10.079,30.7,4.104,4.384,7.543,10.304,0,8.0,296.86,59.632,19.936,0.0,32.352,5.968,20.52,36.392,19.048,3.122,143.976,4.92,7.6,6.92,15.983,33.192,0,346.9
102,Wednesday,03:00:00,0.022,0.344,1.24,0,1.344,38.848,16.263,59.296,10.583,10.048,30.3,3.631,4.224,7.176,10.496,0,7.904,296.12,57.368,19.984,0.0,32.576,3.808,20.423,36.288,16.268,2.938,143.616,4.93,7.7,4.488,15.456,42.0,0,321.3
103,Wednesday,03:30:00,0.022,9.232,1.888,0,1.344,39.136,16.306,42.096,10.359,11.552,30.6,3.848,4.094,4.64,10.432,0,7.584,296.32,59.512,19.976,0.0,32.384,4.04,18.76,36.44,17.1,2.933,103.512,4.93,7.54,4.136,13.872,20.008,0,315.2
104,Wednesday,04:00:00,0.022,9.152,1.958,0,1.344,38.72,16.444,41.968,10.727,12.032,30.7,4.208,4.127,7.062,10.464,0,7.424,291.78,39.656,19.984,0.0,32.543,8.976,8.824,36.544,15.0,2.862,103.448,4.93,7.6,4.308,14.527,31.992,0,292.6
105,Wednesday,04:30:00,0.022,9.12,2.192,0,1.312,39.104,16.428,41.888,9.992,11.135,30.6,4.32,4.063,7.103,10.944,0,7.488,291.52,65.192,20.086,0.0,32.576,8.592,8.752,36.408,12.74,2.816,103.232,4.93,33.76,4.148,17.104,30.36,0,281.9
106,Wednesday,05:00:00,0.022,9.296,2.208,0,1.312,38.592,16.413,42.192,9.872,9.759,30.4,5.408,4.032,6.976,10.304,0,7.296,291.92,44.296,20.119,0.0,32.223,4.216,9.272,36.4,12.752,3.218,103.232,4.93,80.88,4.108,16.48,27.088,0,281.0
107,Wednesday,05:30:00,0.022,19.176,2.216,0,1.376,39.679,16.43,42.08,6.92,11.84,30.4,6.567,4.352,14.472,10.496,0,7.808,291.76,42.752,20.112,0.0,32.19,0.903,8.512,36.256,14.4,2.727,102.904,4.93,80.7,4.092,13.694,35.84,0,274.0
108,Wednesday,06:00:00,19.616,21.432,2.32,0,1.248,33.504,16.428,41.664,6.848,12.927,30.5,7.304,4.224,11.951,46.304,0,7.648,292.14,75.888,20.175,0.0,32.319,10.04,8.376,36.344,14.468,2.806,102.544,4.93,80.94,4.256,14.384,57.048,0,279.9
109,Wednesday,06:30:00,3.908,24.263,2.168,0,10.239,33.664,16.409,41.504,6.864,10.528,30.3,10.984,4.735,15.408,58.688,0,7.583,292.32,86.072,20.055,0.0,32.351,6.222,8.36,36.296,15.564,2.861,102.6,4.93,81.18,4.108,15.168,61.56,0,289.6
110,Wednesday,07:00:00,23.47,24.56,2.104,0,17.056,33.568,16.452,39.6,6.904,9.408,30.5,9.0,19.327,20.344,55.136,0,7.84,292.12,97.112,20.016,0.0,32.384,7.56,8.312,36.44,19.66,3.739,102.296,4.92,83.3,4.144,15.568,66.8,0,291.6
111,Wednesday,07:30:00,23.466,24.654,2.136,0,18.335,33.024,0.168,0.832,6.88,13.664,30.7,8.528,19.328,23.672,56.191,0,45.087,34.9,100.056,19.96,0.0,32.223,7.12,8.382,36.32,24.512,82.126,25.544,4.64,83.68,7.836,15.952,68.328,0,293.1
112,Wednesday,08:00:00,23.418,24.52,2.2,0,18.815,24.352,0.014,0.19,6.88,11.616,30.5,8.464,15.904,16.007,55.455,0,53.631,1.32,94.688,19.919,0.0,31.999,14.424,7.92,28.11,27.364,86.823,0.856,4.64,86.6,34.024,15.696,72.232,0,302.2
113,Wednesday,08:30:00,23.414,24.576,2.08,0,15.167,24.863,0.014,0.19,6.904,13.248,30.7,7.606,21.216,16.711,53.6,0,54.72,1.24,99.768,19.856,0.0,32.287,12.728,8.088,28.312,28.496,84.621,0.856,4.63,85.6,33.48,14.095,71.28,0,311.3
114,Wednesday,09:00:00,23.438,24.456,1.976,0,22.111,24.928,0.013,0.19,6.935,11.2,30.6,7.96,21.44,19.624,52.864,0,54.784,1.32,92.28,19.936,0.0,32.224,10.968,8.047,28.368,26.648,84.736,0.84,4.64,86.34,24.092,14.832,76.592,0,331.1
115,Wednesday,09:30:00,23.454,14.168,1.495,0,28.767,25.28,0.013,0.175,11.32,15.359,30.1,7.456,10.592,18.048,54.784,0,55.551,1.36,82.08,19.872,0.0,32.095,9.48,8.104,28.376,27.596,91.92,0.848,1.23,86.0,11.924,13.936,71.352,0,342.2
116,Wednesday,10:00:00,23.46,14.184,1.68,0,24.16,25.504,0.013,0.19,6.968,15.807,30.2,7.527,6.144,18.752,47.648,0,56.224,1.42,84.784,19.928,0.0,32.031,13.064,8.183,28.504,27.344,94.725,0.84,1.75,86.56,32.056,14.127,69.144,0,346.2
117,Wednesday,10:30:00,23.502,14.255,1.888,0,28.031,29.856,0.013,37.231,6.968,13.695,30.2,5.888,5.183,16.976,48.351,0,55.712,246.96,97.384,19.896,0.0,32.351,13.519,8.224,28.431,25.688,94.206,58.432,4.87,86.62,34.324,13.568,62.888,0,341.4
118,Wednesday,11:00:00,23.462,14.272,1.512,0,36.287,33.728,0.012,42.479,6.912,13.408,30.4,5.672,4.608,17.431,56.319,0,57.152,293.8,92.728,19.96,0.0,32.223,7.376,20.552,28.207,26.88,85.31,53.072,4.86,84.6,34.084,13.808,63.936,0,345.3
119,Wednesday,11:30:00,23.472,24.51,1.912,0,34.944,33.472,0.013,39.936,6.968,12.959,30.5,6.031,15.68,19.79,59.391,0,57.502,293.6,74.664,19.848,0.0,32.064,9.248,21.016,28.24,28.644,87.802,53.256,4.84,86.3,32.92,15.359,61.208,0,341.3
120,Wednesday,12:00:00,23.388,24.648,1.855,0,36.768,32.799,0.014,38.48,6.967,16.159,30.5,5.951,20.063,16.736,59.615,0,57.952,296.76,95.976,19.896,0.0,31.903,11.103,21.094,28.28,25.296,92.175,53.216,4.84,87.86,33.084,15.343,63.08,0,351.3
121,Wednesday,12:30:00,14.546,24.496,2.008,0,46.816,32.992,0.013,38.384,11.391,12.352,30.9,5.688,20.064,8.168,61.696,0,46.24,296.76,77.624,19.808,0.0,31.903,10.44,20.784,28.296,20.992,85.142,52.84,5.97,84.28,34.336,23.008,60.84,0,350.4
122,Wednesday,13:00:00,13.106,24.664,2.023,0,44.64,33.632,0.012,38.816,6.952,9.824,30.8,5.686,20.063,5.2,57.76,0,28.352,296.76,89.744,19.784,0.0,32.063,10.368,12.224,28.384,20.848,77.294,53.296,5.91,83.22,32.52,22.398,62.104,0,350.8
123,Wednesday,13:30:00,0.022,22.064,2.088,0,50.4,33.536,0.013,38.608,6.952,14.719,30.7,6.432,20.064,5.039,56.864,0,28.384,296.54,97.552,19.72,0.0,32.16,12.04,9.496,28.456,18.656,89.682,53.224,5.87,78.98,29.776,16.239,52.624,0,356.2
124,Wednesday,14:00:00,1.256,21.92,1.976,0,52.255,36.8,0.012,38.623,6.992,13.6,30.8,5.824,20.063,15.007,58.368,0,27.583,295.64,74.488,19.696,0.0,32.16,9.208,9.88,28.56,18.276,96.013,53.256,5.75,82.6,8.252,15.999,42.376,0,354.2
125,Wednesday,14:30:00,9.8,21.824,2.071,0,45.312,41.247,0.012,38.592,6.968,11.072,30.7,5.912,19.264,16.24,60.256,0,28.095,296.78,84.232,19.6,0.0,32.032,14.223,9.744,28.488,20.704,93.549,53.152,5.69,85.2,22.708,17.12,69.2,0,357.3
126,Wednesday,15:00:00,23.434,21.992,1.816,0,39.008,40.32,0.013,38.384,6.959,10.752,30.8,5.944,20.288,16.176,59.776,0,12.896,297.14,71.0,19.568,0.0,32.319,9.752,8.648,28.328,19.316,87.353,52.944,5.66,85.38,7.128,16.416,74.344,0,354.6
127,Wednesday,15:30:00,23.442,22.087,1.887,0,31.712,40.415,0.013,32.368,6.944,13.375,30.8,6.408,19.84,16.288,58.015,0,10.879,295.96,56.56,19.656,0.0,31.968,6.408,8.735,28.208,17.064,85.809,52.928,5.63,85.3,5.244,14.048,69.72,0,355.1
128,Wednesday,16:00:00,23.414,15.208,2.006,0,36.928,40.064,0.013,0.815,6.968,16.288,30.6,6.528,19.872,16.094,57.471,0,10.782,296.1,30.76,19.664,0.0,31.936,13.519,8.735,28.28,17.012,84.725,53.04,5.6,85.86,5.172,14.0,69.232,0,355.3
129,Wednesday,16:30:00,23.434,11.479,2.08,0,37.408,40.287,0.013,0.815,6.983,13.536,30.6,9.28,19.488,16.111,58.56,0,10.464,49.0,29.776,19.6,0.0,32.095,8.288,9.528,23.624,17.788,3.205,7.896,5.57,86.46,5.248,13.888,69.992,0,349.3
130,Wednesday,17:00:00,23.464,10.968,2.055,0,24.864,40.383,0.012,0.126,7.006,10.367,30.7,10.56,19.488,5.08,37.951,0,11.264,1.48,37.384,19.575,0.0,32.095,9.143,9.688,19.863,17.9,3.371,0.848,5.52,85.24,10.012,14.752,72.44,0,345.3
131,Wednesday,17:30:00,23.42,0.631,2.103,0,1.566,40.031,0.013,0.11,11.352,15.231,30.7,11.815,19.903,11.055,19.488,0,10.912,1.46,70.48,19.584,0.0,31.711,8.912,8.896,19.696,18.044,3.16,0.832,5.45,86.16,31.96,15.775,71.336,0,350.0
132,Wednesday,18:00:00,23.448,0.622,2.24,0,1.503,40.415,0.014,0.126,6.999,14.784,30.9,13.575,19.776,14.768,19.52,0,42.303,1.34,65.712,19.696,0.0,31.775,10.12,8.864,19.632,20.404,3.386,0.848,5.4,85.34,31.832,16.015,73.696,0,341.3
133,Wednesday,18:30:00,23.458,0.607,2.328,0,1.472,40.064,0.013,0.11,6.983,11.167,39.5,14.736,19.456,16.816,18.656,0,55.072,1.36,64.888,19.808,0.0,31.935,11.856,8.752,24.04,20.74,3.042,0.832,5.39,86.14,31.924,17.184,82.512,0,342.9
134,Wednesday,19:00:00,23.528,0.592,2.304,0,1.504,40.32,0.013,0.126,6.968,10.559,39.4,16.112,19.712,15.743,17.792,0,54.016,1.34,65.488,19.712,0.0,31.775,10.496,8.832,27.864,21.38,3.023,0.848,5.38,85.08,32.884,17.152,83.72,0,343.3
135,Wednesday,19:30:00,23.528,0.584,2.376,0,1.376,39.999,0.014,0.11,6.918,14.528,39.3,17.352,19.744,17.367,12.894,0,55.2,1.32,69.024,19.792,0.0,32.256,12.295,8.68,28.263,24.888,3.267,0.848,5.38,85.58,32.808,17.136,82.88,0,331.9
136,Wednesday,20:00:00,23.53,0.576,2.536,0,1.408,40.224,0.013,0.126,6.928,13.824,39.1,16.943,19.872,19.712,13.984,0,55.871,4.12,68.288,19.904,0.0,32.543,13.04,8.584,28.32,23.74,83.486,31.568,5.36,84.84,32.556,16.447,87.88,0,335.2
137,Wednesday,20:30:00,23.484,0.568,2.495,0,1.472,40.383,0.014,0.126,6.92,13.215,38.9,14.92,19.872,17.983,14.144,0,56.096,168.86,62.24,19.96,0.0,32.608,12.888,8.704,28.351,23.8,86.003,53.696,5.38,85.24,32.464,14.512,75.352,0,336.4
138,Wednesday,21:00:00,23.5,0.552,2.248,0,1.599,40.0,0.014,0.11,6.92,11.168,39.2,10.872,19.744,17.08,13.951,0,55.2,168.52,46.512,20.007,0.0,32.063,11.416,8.536,28.439,23.252,88.169,53.84,5.36,83.4,32.488,14.431,70.752,0,342.7
139,Wednesday,21:30:00,23.502,0.552,2.176,0,8.511,39.936,0.014,0.11,15.591,15.712,39.1,8.496,19.039,19.344,12.063,0,55.391,168.38,46.36,20.112,0.0,32.095,12.503,8.52,28.2,21.68,85.011,53.928,5.37,81.16,32.396,14.512,65.64,0,343.8
140,Wednesday,22:00:00,23.466,0.552,2.135,0,11.936,39.808,0.014,0.11,14.784,13.311,38.9,7.664,19.808,23.176,11.136,0,56.704,168.5,63.312,20.072,0.0,31.967,12.048,9.184,28.008,22.288,89.533,54.016,5.36,84.9,32.556,14.48,65.016,0,340.2
141,Wednesday,22:30:00,23.404,0.599,1.416,0,11.904,39.584,0.014,0.815,12.008,12.447,39.1,5.808,18.24,24.736,11.168,0,52.992,209.9,63.264,20.143,0.0,31.744,8.815,8.984,28.184,20.952,88.479,54.144,5.38,84.82,32.84,15.328,62.28,0,346.2
142,Wednesday,23:00:00,19.474,0.552,1.447,0,11.808,39.808,0.014,0.832,11.968,9.888,38.8,5.136,16.095,24.704,10.943,0,27.072,293.1,58.72,20.079,0.0,31.615,10.944,9.256,28.199,18.056,95.494,54.112,5.37,84.56,33.104,15.455,47.0,0,348.1
143,Wednesday,23:30:00,0.022,0.552,1.08,0,11.808,39.424,0.014,39.104,13.064,12.095,37.9,4.928,16.128,25.152,11.328,0,27.52,349.98,58.768,20.024,0.0,31.903,8.888,9.199,28.063,21.48,97.659,125.608,5.34,78.08,32.188,14.319,43.8,0,343.3
144,Thursday,00:00:00,0.024,0.544,0.927,0,11.968,39.615,0.014,43.776,14.504,12.255,33.1,3.648,7.968,26.432,10.688,0,24.096,430.3,78.64,20.12,0.0,31.615,9.232,9.015,28.016,20.396,90.366,144.128,5.33,78.38,32.832,14.83,21.64,0,345.5
145,Thursday,00:30:00,0.022,0.759,0.928,0,12.0,39.264,0.014,43.392,11.76,10.432,30.4,4.015,6.303,27.328,10.816,0,26.144,429.34,65.088,20.248,0.0,31.808,5.623,8.896,28.023,18.704,85.932,144.304,5.31,78.52,31.592,20.88,30.44,0,343.6
146,Thursday,01:00:00,0.022,0.735,0.936,0,11.936,39.424,0.014,43.168,12.912,8.287,30.5,3.935,4.736,28.896,10.944,0,29.856,428.18,50.592,20.36,0.0,31.71,8.248,8.968,28.087,17.752,95.553,143.896,5.31,78.68,4.84,21.136,24.936,0,344.1
147,Thursday,01:30:00,4.14,0.536,1.11,0,11.936,39.424,0.014,43.008,11.912,14.623,30.5,3.935,4.448,18.864,10.975,0,27.488,306.32,63.088,20.096,0.0,31.584,5.632,9.2,28.063,15.48,86.749,143.712,5.3,78.32,4.58,14.479,39.568,0,339.8
148,Thursday,02:00:00,0.024,0.496,1.208,0,3.518,39.168,0.014,42.992,11.736,13.632,30.5,3.768,4.416,18.656,11.359,0,25.663,306.48,59.088,20.472,0.0,31.872,10.92,8.872,27.968,14.58,78.09,143.496,5.27,78.18,4.752,15.038,22.344,0,338.3
149,Thursday,02:30:00,0.022,0.592,1.743,0,1.471,39.392,0.014,42.864,11.319,11.039,30.5,3.728,4.48,19.304,10.656,0,13.312,296.58,56.192,20.144,0.0,31.998,0.92,8.887,28.088,14.904,38.936,143.96,5.27,78.04,4.396,15.055,33.584,0,334.5
150,Thursday,03:00:00,0.022,0.472,1.2,0,1.44,38.943,0.014,42.64,10.456,10.528,30.5,3.936,4.127,12.48,10.687,0,11.168,297.1,28.272,19.983,0.0,32.127,4.184,8.832,27.92,15.004,4.163,143.208,5.26,78.18,4.084,15.328,33.448,0,329.8
151,Thursday,03:30:00,0.022,8.992,1.967,0,1.504,39.136,0.014,42.591,10.263,12.64,30.3,3.791,4.031,12.544,10.655,0,10.207,297.12,22.768,19.984,0.0,32.158,7.976,8.943,27.64,13.596,3.293,143.768,5.26,78.64,3.996,15.519,25.56,0,326.8
152,Thursday,04:00:00,0.022,8.815,1.688,0,1.534,38.752,0.014,42.544,10.248,12.063,30.3,4.975,4.288,12.928,10.655,0,9.247,296.66,27.44,19.999,0.0,31.679,0.296,8.784,27.703,12.604,4.732,142.92,5.25,78.78,4.016,15.487,28.272,0,321.3
153,Thursday,04:30:00,0.024,8.768,2.168,0,1.535,33.248,0.014,42.4,9.992,12.255,30.3,5.728,4.192,12.44,10.688,0,7.903,296.9,49.096,19.904,0.0,32.062,10.248,8.744,27.776,11.744,3.074,120.704,5.25,78.18,4.028,14.528,30.768,0,317.0
154,Thursday,05:00:00,4.478,8.984,2.28,0,1.439,33.056,0.014,42.383,9.872,9.472,30.3,6.024,4.0,12.616,11.104,0,8.064,296.5,49.904,20.064,0.0,31.999,2.056,8.815,27.831,11.308,3.059,102.528,5.24,78.02,4.048,14.719,41.848,0,312.1
155,Thursday,05:30:00,23.498,19.424,2.4,0,1.344,33.472,0.014,42.384,7.856,12.511,30.5,6.647,4.031,4.543,11.519,0,8.703,296.98,61.792,20.168,0.0,32.096,2.864,8.648,27.76,12.28,2.849,101.112,5.23,77.86,3.864,17.12,63.432,0,308.9
156,Thursday,06:00:00,18.502,19.456,2.384,0,1.376,33.76,0.014,42.19,6.887,11.392,30.4,8.136,4.16,5.992,46.176,0,7.616,293.38,65.56,20.224,0.0,32.095,9.368,8.488,27.792,12.76,2.934,100.84,5.22,77.64,3.94,16.464,60.12,0,318.1
157,Thursday,06:30:00,0.022,14.64,2.176,0,4.8,33.695,0.014,42.239,6.816,10.879,30.5,10.359,4.094,7.368,54.56,0,6.976,293.38,79.608,20.264,0.0,32.384,4.607,8.142,27.896,12.68,3.291,100.368,5.21,78.06,4.284,21.264,36.888,0,297.2
158,Thursday,07:00:00,1.006,15.136,2.208,0,11.712,33.92,0.014,36.896,6.904,11.552,30.6,9.968,4.031,8.32,50.24,0,12.096,293.88,93.504,20.208,0.0,32.0,7.6,8.616,27.912,14.544,3.166,99.904,5.19,79.6,4.42,21.44,39.6,0,296.1
159,Thursday,07:30:00,23.44,19.76,2.184,0,11.84,33.503,0.014,0.832,6.904,15.904,30.5,9.888,8.671,15.304,49.536,0,45.823,74.62,96.416,20.135,0.0,31.903,12.719,8.679,27.72,20.94,14.148,14.28,5.18,87.12,5.38,15.184,62.344,0,298.0
160,Thursday,08:00:00,23.45,36.304,2.312,0,11.68,33.44,0.014,0.126,6.864,15.04,30.3,10.16,19.264,17.224,49.312,0,54.815,1.34,107.568,19.6,0.0,31.967,15.496,8.727,27.696,22.284,61.972,0.856,5.15,87.14,18.052,15.471,69.352,0,308.0
161,Thursday,08:30:00,23.456,34.568,1.992,0,10.784,33.344,0.014,0.11,6.808,13.568,30.6,9.856,19.712,19.0,47.103,0,54.271,1.42,106.072,19.712,0.0,32.191,11.335,8.768,27.639,25.928,89.519,0.864,5.15,87.6,32.188,15.967,74.56,0,313.7
162,Thursday,09:00:00,23.556,34.296,2.023,0,26.272,33.792,0.013,0.126,6.928,10.432,30.5,9.2,19.264,19.216,49.056,0,55.327,1.38,89.696,19.888,0.0,32.384,9.816,8.88,27.656,26.684,60.928,0.856,5.15,89.0,32.192,16.175,72.744,0,327.5
163,Thursday,09:30:00,23.442,34.184,1.975,0,48.864,33.76,0.014,0.126,11.264,16.928,30.5,8.968,19.04,26.152,50.176,0,55.839,1.38,84.92,19.672,0.0,32.063,17.672,9.296,27.703,25.276,90.206,0.856,5.15,88.6,32.076,16.512,69.408,0,340.2
164,Thursday,10:00:00,23.382,35.502,1.92,0,50.304,39.296,0.013,0.175,6.976,16.704,30.6,8.216,19.776,24.728,44.863,0,56.671,1.38,86.464,19.552,0.0,32.192,10.648,9.816,27.712,23.528,94.796,0.848,5.13,88.96,33.06,16.544,67.808,0,347.9
165,Thursday,10:30:00,23.418,43.848,2.064,0,48.192,39.775,0.014,36.911,6.967,14.912,30.4,7.232,19.744,18.295,45.759,0,56.575,250.08,95.728,19.575,0.0,32.031,6.792,9.176,27.728,21.54,87.324,58.624,5.13,89.08,33.836,17.264,63.256,0,355.2
166,Thursday,11:00:00,23.364,42.791,2.008,0,43.456,39.296,0.014,38.848,6.952,13.728,30.4,6.768,19.712,17.216,52.767,0,57.312,288.36,92.832,19.591,0.0,31.872,10.664,15.184,27.784,21.78,87.669,52.912,5.11,86.44,32.912,16.608,69.848,0,351.3
167,Thursday,11:30:00,23.456,39.176,2.024,0,42.048,39.552,0.013,38.8,6.99,12.928,30.5,6.542,19.904,16.224,54.048,0,54.207,283.84,107.584,19.576,0.0,32.031,10.848,15.663,27.622,24.404,90.828,52.816,5.09,88.94,32.716,16.592,68.112,0,353.5
168,Thursday,12:00:00,23.426,20.2,1.928,0,41.28,38.208,0.013,38.64,6.96,16.032,30.5,6.144,20.799,14.48,45.536,0,40.447,171.12,87.192,20.039,0.0,31.711,10.823,15.327,27.64,25.68,95.669,52.84,5.07,85.12,32.696,17.136,60.056,0,355.8
169,Thursday,12:30:00,13.916,19.328,1.535,0,40.32,37.311,0.014,38.591,11.432,13.471,30.4,6.992,19.2,18.639,45.952,0,42.592,170.7,79.24,20.063,0.0,32.062,9.656,14.648,27.671,24.328,95.366,52.72,5.27,89.02,33.204,16.688,58.424,0,354.6
170,Thursday,13:00:00,0.022,19.208,1.591,0,36.576,37.631,0.013,38.512,7.006,9.663,30.5,6.256,21.728,17.327,54.752,0,29.696,174.08,72.128,20.079,0.0,31.839,11.064,9.2,27.664,22.996,90.694,52.816,5.28,85.14,33.1,16.976,47.568,0,357.4
171,Thursday,13:30:00,0.022,19.2,1.44,0,33.728,38.272,0.013,38.511,6.96,15.808,30.2,6.807,22.208,17.888,51.104,0,29.664,287.78,92.544,19.584,0.0,31.967,7.592,9.32,27.664,20.792,84.331,52.72,5.3,86.14,33.236,17.023,47.928,0,356.3
172,Thursday,14:00:00,3.484,29.152,1.318,0,45.024,39.904,0.013,38.383,6.96,15.84,30.4,6.968,21.024,16.664,58.174,0,28.382,288.14,104.416,19.584,0.0,32.0,9.112,9.384,27.8,20.492,95.366,52.64,5.28,86.1,31.264,17.071,59.872,0,358.8
173,Thursday,14:30:00,23.398,27.743,1.168,0,41.984,40.16,0.013,2.943,6.968,14.335,30.2,6.047,20.672,16.584,55.264,0,10.496,287.4,102.392,19.576,0.0,31.775,13.232,9.424,27.88,22.244,92.38,52.64,5.26,83.78,10.22,17.008,70.472,0,353.5
174,Thursday,15:00:00,23.45,23.824,1.112,0,35.679,39.808,0.013,0.782,6.904,11.84,30.2,6.624,21.12,17.424,58.047,0,10.335,287.72,66.736,19.4,0.0,31.743,2.088,9.608,27.84,23.324,40.214,52.704,5.25,83.84,3.944,15.056,66.56,0,338.6
175,Thursday,15:30:00,23.416,14.279,1.512,0,34.016,40.672,0.013,0.766,6.976,14.111,30.2,6.703,19.488,17.519,56.864,0,9.568,287.32,37.208,19.247,0.0,32.158,13.976,9.536,27.784,20.904,3.248,52.592,5.24,84.36,4.008,16.32,69.32,0,337.9
176,Thursday,16:00:00,23.44,14.263,1.928,0,25.823,39.616,0.012,0.782,6.984,12.958,30.1,7.968,20.128,18.92,57.216,0,8.384,287.78,28.648,19.247,0.0,32.286,9.528,8.832,27.752,19.924,3.006,52.512,5.21,83.36,4.036,16.64,69.84,0,337.2
177,Thursday,16:30:00,23.396,14.327,2.096,0,29.792,39.04,0.013,0.766,7.015,11.935,30.4,8.447,19.968,8.688,56.096,0,8.447,32.32,29.08,19.304,0.0,32.19,3.72,8.84,23.136,20.896,2.994,14.224,5.22,82.86,4.096,9.648,72.264,0,333.8
178,Thursday,17:00:00,23.426,13.296,2.056,0,1.503,39.04,0.013,0.206,6.944,10.08,30.4,9.976,20.224,8.64,37.631,0,8.704,1.44,55.08,19.328,0.0,32.128,14.088,8.896,19.4,21.536,3.072,0.848,5.21,82.76,4.036,10.32,66.176,0,327.2
179,Thursday,17:30:00,23.43,10.824,2.112,0,1.503,38.88,0.013,0.206,11.472,14.592,30.5,11.16,19.936,14.424,21.631,0,9.791,1.4,62.768,19.312,0.0,32.16,0.6,9.023,19.536,19.416,3.132,0.84,5.21,82.74,26.56,13.136,70.44,0,322.7
180,Thursday,18:00:00,23.452,10.832,2.368,0,1.376,39.072,0.013,0.206,6.999,14.367,30.4,13.4,20.159,9.608,22.463,0,46.208,1.38,63.56,19.376,0.0,31.872,10.616,8.936,19.472,18.784,3.073,0.848,5.18,82.6,31.624,13.407,76.272,0,327.6
181,Thursday,18:30:00,23.448,10.8,2.544,0,1.312,38.752,0.012,0.206,6.984,10.528,30.4,16.095,19.68,14.687,24.607,0,54.528,1.34,63.712,19.336,0.0,31.967,11.632,8.984,23.872,21.704,67.157,0.848,5.18,83.28,31.656,15.232,82.144,0,332.2
182,Thursday,19:00:00,23.466,10.912,2.328,0,1.344,39.104,0.013,0.19,7.006,11.392,30.4,16.912,19.808,14.303,19.712,0,54.431,1.34,68.248,19.368,0.0,32.223,7.791,8.928,27.472,23.204,78.244,0.848,5.18,83.42,30.628,15.344,88.648,0,330.4
183,Thursday,19:30:00,23.488,11.015,2.432,0,1.344,39.2,0.013,0.19,7.031,13.984,30.4,17.136,19.743,16.776,13.215,0,54.816,1.36,74.544,19.28,0.0,32.288,8.056,8.768,27.592,28.5,80.886,0.856,5.18,82.74,31.292,14.512,91.272,0,329.6
184,Thursday,20:00:00,23.494,11.072,2.544,0,1.376,38.912,0.014,0.206,6.912,13.632,30.4,17.216,19.903,17.392,14.656,0,55.008,1.46,72.664,19.207,0.0,32.447,11.079,8.648,27.752,24.888,93.382,49.112,5.17,82.72,31.344,14.287,91.664,0,331.7
185,Thursday,20:30:00,23.494,11.24,2.479,0,1.471,39.327,0.014,0.19,6.936,10.943,30.6,16.608,19.68,18.664,14.08,0,55.68,110.34,62.368,19.167,0.0,32.063,13.967,8.568,27.696,25.624,94.042,61.512,5.17,82.66,31.34,13.536,86.808,0,333.4
186,Thursday,21:00:00,23.492,11.664,2.2,0,1.598,38.88,0.014,0.19,6.928,9.184,30.4,14.024,19.808,18.056,13.151,0,56.255,158.76,61.568,19.184,0.0,32.031,11.248,8.656,27.752,24.428,92.383,102.328,5.17,82.8,31.548,13.12,69.992,0,335.4
187,Thursday,21:30:00,23.508,11.223,2.088,0,8.16,39.2,0.014,0.19,14.728,13.952,30.6,11.128,19.103,18.416,11.872,0,56.798,168.52,41.544,19.232,0.0,32.158,7.12,8.592,27.608,25.304,93.733,102.648,5.19,80.82,31.708,9.472,65.84,0,343.1
188,Thursday,22:00:00,23.492,11.238,2.0,0,11.904,26.016,0.014,0.19,14.808,12.704,30.6,8.864,10.784,18.768,11.808,0,56.479,168.76,29.4,19.28,0.0,32.352,14.079,8.96,27.848,22.708,93.213,103.312,5.18,80.76,32.028,8.496,60.04,0,349.5
189,Thursday,22:30:00,23.466,11.207,1.136,0,11.872,26.368,0.014,0.175,12.416,10.976,30.8,7.439,4.351,19.184,11.616,0,38.592,276.28,55.112,19.344,0.0,32.671,10.84,8.815,28.008,22.888,98.189,103.112,5.17,81.2,31.476,13.536,59.456,0,351.8
190,Thursday,23:00:00,23.446,10.848,0.943,0,11.904,26.272,0.014,0.19,11.992,8.608,30.7,6.015,4.32,19.032,11.423,0,29.984,297.36,54.208,20.0,0.0,32.255,7.472,8.903,28.055,23.156,93.65,103.568,5.17,81.02,31.76,13.568,50.016,0,350.4
191,Thursday,23:30:00,23.442,10.768,1.159,0,11.904,15.52,0.014,64.368,15.92,12.96,30.6,5.592,4.031,16.351,11.168,0,28.992,411.6,80.088,20.112,0.0,32.319,13.16,9.232,27.952,25.788,97.583,139.16,5.17,80.64,31.84,14.432,51.832,0,356.7
192,Friday,00:00:00,17.581000000000003,5.5395,1.34,0,19.664,15.44,8.213500000000002,73.856,13.968,12.576,30.5,4.827,4.272,11.972000000000001,11.343499999999999,0,28.112000000000002,433.35,83.612,20.1755,0.0,31.9195,6.252000000000001,14.676,21.3115,22.782,86.226,144.968,5.050000000000001,81.55,32.466,11.416,52.24,0,347.8
193,Friday,00:30:00,11.718,5.5395,1.416,0,19.776,15.44,8.155999999999999,73.456,14.491,8.943999999999999,30.5,5.2,4.2555,16.639499999999998,11.28,0,26.703000000000003,432.96000000000004,83.652,20.068,0.0,32.064,8.328,14.851500000000001,21.283,22.124,69.695,144.56,5.0600000000000005,81.34,32.879999999999995,15.7195,42.964,0,349.35
194,Friday,01:00:00,6.367999999999999,5.5120000000000005,1.2435,0,16.96,15.424,8.115499999999999,73.184,16.1555,7.696,30.549999999999997,5.300000000000001,4.2555,16.444000000000003,11.391,0,18.416,421.81,83.55199999999999,19.844,0.0,32.128,6.824,14.704,21.352,19.916,95.424,144.216,5.075,81.52,33.112,15.8475,30.984,0,356.25
195,Friday,01:30:00,0.022,5.4195,1.8555000000000001,0,14.608,15.392,8.1165,72.864,12.815999999999999,14.286999999999999,30.25,5.296,4.3355,17.9275,11.392,0,11.0235,372.45,74.712,19.768,0.0,32.111,4.016,14.6715,21.3555,18.442,98.5445,144.01600000000002,5.065,81.44999999999999,28.113999999999997,10.8315,28.148,0,358.55
196,Friday,02:00:00,0.022,5.5200000000000005,1.9115000000000002,0,14.64,15.344,8.257,72.864,12.863,11.6,30.4,5.0515,4.256,16.183999999999997,11.182,0,8.0475,372.20000000000005,61.82,19.7235,0.0,32.128,8.364,14.823500000000001,21.3955,17.096,74.877,143.868,5.07,81.69,5.384,10.936,24.951999999999998,0,357.95000000000005
197,Friday,02:30:00,0.023,5.419,1.852,0,14.656,15.392,8.1785,72.72,12.288,9.983,30.35,5.064,4.6240000000000006,11.491999999999999,11.072,0,7.76,372.25,58.268,19.784,0.0,31.854999999999997,6.124,14.835999999999999,21.42,17.936,47.386500000000005,143.988,5.065,81.08,5.054,10.7675,19.588,0,354.2
198,Friday,03:00:00,0.022,5.5355,1.415,0,14.656,15.36,8.1945,72.656,11.136,9.008000000000001,30.35,4.984,4.0795,5.844,11.023499999999999,0,7.8389999999999995,372.52,50.948,19.868000000000002,0.0,32.016,1.3635,15.072,21.4595,16.2,48.2035,143.412,5.0649999999999995,81.51,4.454,10.7355,28.076,0,344.9
199,Friday,03:30:00,0.022,10.308,1.9395,0,12.72,15.36,8.1675,72.01599999999999,10.408,11.104,30.200000000000003,5.024,4.288,5.196,10.96,0,7.904,372.65,42.368,19.776,0.0,31.9825,10.336,14.224,21.427500000000002,14.744,23.5735,143.09199999999998,5.0600000000000005,81.33,4.404,10.824,15.02,0,343.75
200,Friday,04:00:00,0.022,10.24,1.9235,0,9.312000000000001,15.344,8.19,71.616,10.244,11.5195,30.200000000000003,5.308,4.224,5.4990000000000006,10.9755,0,7.584,372.19,28.235999999999997,19.7,0.0,31.903499999999998,0.28800000000000003,8.744,21.3395,13.95,2.793,143.012,5.0600000000000005,83.14,4.452,10.728,23.332,0,335.25
201,Friday,04:30:00,0.022,10.228000000000002,2.216,0,9.3435,15.328,8.171999999999999,71.615,10.228,10.112,30.200000000000003,5.924,3.999,5.2795000000000005,11.0715,0,7.3919999999999995,371.72,36.647999999999996,19.748,0.0,32.303,7.228,8.7275,21.2555,14.27,2.8230000000000004,143.048,5.055,81.39,4.508,11.031500000000001,25.759999999999998,0,330.85
202,Friday,05:00:00,0.023,10.2235,2.204,0,9.296000000000001,15.344,8.1585,71.3755,9.207999999999998,7.2155000000000005,30.25,6.3035,4.015000000000001,5.571,10.7355,0,7.568,371.65999999999997,61.81999999999999,19.64,0.0,32.367999999999995,8.044,8.708,21.296,13.739999999999998,2.6405000000000003,142.94400000000002,5.045,81.4,4.868,11.135,27.36,0,339.2
203,Friday,05:30:00,0.022,19.7635,2.308,0,9.2955,16.032,8.173499999999999,63.935500000000005,7.836,13.6155,30.25,8.32,4.032,4.2595,10.672,0,7.936,371.14,75.556,19.875999999999998,0.0,32.6395,1.512,8.104,21.371000000000002,12.846,2.9165,131.24,5.04,81.09,4.944,11.174999999999999,33.536,0,334.85
204,Friday,06:00:00,7.26,15.48,2.519,0,7.52,16.512,8.199,21.5195,6.896,11.904,30.200000000000003,9.392,4.656000000000001,8.363999999999999,48.0315,0,7.839,372.77,84.312,19.972,0.0,32.928,9.644,8.083,21.3515,13.262,2.9715,122.44,5.03,81.72999999999999,4.766,11.407499999999999,44.456,0,340.04999999999995
205,Friday,06:30:00,23.551000000000002,15.464,2.272,0,13.838999999999999,16.224,8.1955,1.663,6.916,9.535,30.3,10.4315,4.0955,9.0235,59.6635,0,7.7275,372.32,98.612,19.872,0.0,32.543000000000006,4.96,8.08,21.3,13.532,3.116,120.86000000000001,5.03,62.290000000000006,4.77,15.207999999999998,69.928,0,344.7
206,Friday,07:00:00,23.515,15.392,2.204,0,24.031499999999998,16.688000000000002,8.1705,0.502,6.843500000000001,11.248000000000001,30.299999999999997,11.392,6.111000000000001,12.727,55.215500000000006,0,29.951500000000003,360.95000000000005,100.69200000000001,19.8435,0.0,32.063500000000005,11.448,8.256,21.364,15.418,17.3705,102.292,4.195,85.95,16.43,15.92,79.668,0,347.05
207,Friday,07:30:00,23.509,18.288,2.156,0,8.9755,15.824,0.0695,0.48650000000000004,6.7315000000000005,13.44,30.4,10.535499999999999,9.248000000000001,12.8475,52.671,0,55.616,165.73,107.40799999999999,19.828000000000003,0.0,32.608,11.535499999999999,8.1675,21.376,19.77,44.941500000000005,19.444000000000003,4.695,83.72,16.8,14.4635,83.82,0,340.04999999999995
208,Friday,08:00:00,23.478,35.248000000000005,2.196,0,12.191500000000001,15.5515,0.0135,0.494,6.9239999999999995,12.0625,30.450000000000003,10.22,9.8875,10.6755,49.18300000000001,0,54.8635,148.16,105.3,19.732,0.0,32.591,11.48,8.2395,21.355,22.008,3.2135,0.844,5.550000000000001,82.92,28.567999999999998,14.744,77.6,0,341.65
209,Friday,08:30:00,23.505000000000003,35.5315,2.0635000000000003,0,24.864,15.503,0.0135,0.494,6.92,11.2635,30.5,10.108,9.744,15.2875,47.487,0,54.864000000000004,155.29000000000002,105.892,19.691499999999998,0.0,32.463499999999996,11.275500000000001,8.391,21.32,23.89,59.730000000000004,0.84,5.535,86.88,32.806,14.272,71.632,0,346.15
210,Friday,09:00:00,20.439,35.42,2.015,0,45.68,19.0555,0.0135,0.48650000000000004,6.9079999999999995,9.44,30.5,9.2035,9.567499999999999,15.796,49.150999999999996,0,56.816,154.42000000000002,87.304,19.6235,0.0,32.3835,13.439499999999999,8.415,21.292,25.695999999999998,89.77799999999999,0.84,5.01,86.55,30.562,14.120000000000001,67.836,0,357.45
211,Friday,09:30:00,23.461,27.415999999999997,1.9545,0,45.8545,27.279,0.013,0.47050000000000003,11.2995,15.2315,30.2,8.518,9.1665,15.915500000000002,50.3515,0,56.8,69.01,93.128,19.568,0.0,32.495999999999995,10.984,8.4,21.352,26.997999999999998,91.0305,23.076,2.4949999999999997,86.8,30.72,11.383500000000002,67.968,0,368.70000000000005
212,Friday,10:00:00,16.724,10.5475,1.9195,0,49.536,27.1035,0.0135,0.486,6.936,14.928,30.15,7.888,9.263,11.188,47.087500000000006,0,53.424,101.88000000000001,70.716,19.6235,0.0,31.918499999999998,9.744,8.728,21.348,25.718,86.10499999999999,28.288,2.4949999999999997,83.94,30.732,11.376000000000001,76.98,0,360.0
213,Friday,10:30:00,20.374000000000002,21.3715,2.0315000000000003,0,63.4715,42.784,0.0135,37.1995,6.92,13.3115,30.25,6.2835,6.5440000000000005,16.0155,47.8395,0,57.2475,214.56,81.9,19.615499999999997,0.0,32.0305,14.072,8.648,16.432,26.228,92.9045,57.123999999999995,2.5,85.8,20.714,11.2235,83.28,0,350.15
214,Friday,11:00:00,21.672,29.232,1.9795,0,58.96,44.751,0.0135,42.528,6.916,10.879,30.15,6.5675,5.3919999999999995,16.139499999999998,46.208,0,58.848,223.55,71.412,19.64,0.0,31.936,9.456,14.8795,14.451,26.240000000000002,90.836,55.64,2.485,87.44,26.006,11.286999999999999,76.848,0,366.70000000000005
215,Friday,11:30:00,23.42,15.531500000000001,1.956,0,48.592,50.192,0.0135,42.3035,6.952,12.223500000000001,30.299999999999997,6.3065,10.3195,15.8115,47.327,0,48.016,223.32,68.252,19.7155,0.0,31.871,10.648,15.1515,14.4515,27.04,93.7005,55.564,2.49,87.00999999999999,30.694000000000003,10.92,71.212,0,366.9
216,Friday,12:00:00,23.438000000000002,15.619499999999999,1.9995,0,54.3195,51.9835,0.0135,42.287000000000006,6.932,13.344,30.35,6.3555,16.192,10.515,55.727999999999994,0,30.4155,223.41,68.25200000000001,19.672,0.0,31.950000000000003,10.082999999999998,15.0155,14.464,26.124000000000002,88.8545,55.68,2.49,86.68,31.12,11.3905,71.94,0,368.35
217,Friday,12:30:00,23.422,15.652,1.876,0,57.84,51.4875,0.014,42.1755,11.3595,10.6235,30.35,6.3225,16.511499999999998,10.694500000000001,61.0715,0,30.303,223.0,71.58,19.6675,0.0,31.567999999999998,8.852,14.691500000000001,14.468,20.33,87.334,55.536,2.4749999999999996,88.00999999999999,31.5,15.472000000000001,73.68,0,352.6
218,Friday,13:00:00,23.338,15.932,1.8719999999999999,0,59.808,51.376000000000005,0.013,42.159499999999994,6.936,7.119,30.4,6.272,17.5675,16.98,54.4955,0,30.143,223.01,61.8,19.7315,0.0,32.0155,9.24,8.847999999999999,14.535,22.316000000000003,86.155,55.628,2.4749999999999996,86.81,20.584,15.479500000000002,66.828,0,349.5
219,Friday,13:30:00,11.738,15.6715,1.568,0,59.695499999999996,51.6475,0.012,42.2555,6.9399999999999995,15.008,30.3,6.3,16.975,17.219,55.007000000000005,0,28.2235,223.26,53.879999999999995,19.762999999999998,0.0,32.191,13.299,8.8675,14.5435,22.736,89.265,55.644000000000005,2.4749999999999996,87.06,23.674,11.7835,66.896,0,352.05
220,Friday,14:00:00,22.811,15.664000000000001,1.299,0,62.992,45.616,0.013,41.952,6.928,14.032,30.25,6.6315,20.063499999999998,18.279,55.328,0,11.439,223.07,47.896,19.652,0.0,31.967999999999996,10.012,8.935500000000001,14.5515,21.964,85.5185,55.424,2.47,86.36,30.97,10.711500000000001,74.99199999999999,0,363.9
221,Friday,14:30:00,23.41,15.6,1.3795,0,59.55200000000001,45.312,0.013,41.992000000000004,6.944,12.272,30.3,6.4879999999999995,20.6875,17.008000000000003,55.952,0,10.7835,223.27,66.684,20.1585,0.0,32.271,10.1595,8.992,14.612,22.708,77.2045,55.368,2.4650000000000003,82.52,31.228,17.727,73.74,0,359.7
222,Friday,15:00:00,23.43,15.663499999999999,1.8235000000000001,0,53.504,45.679500000000004,0.013,42.12,6.948,10.128,30.3,7.1155,21.519,12.647499999999999,57.471500000000006,0,10.336,238.34000000000003,69.316,20.66,0.0,32.3675,10.027999999999999,8.98,14.5235,22.386000000000003,89.5145,55.304,2.4499999999999997,82.53999999999999,31.344,16.6635,67.144,0,361.05
223,Friday,15:30:00,23.427,11.1675,1.959,0,45.519999999999996,45.7435,0.013,36.176,6.962999999999999,12.623000000000001,30.2,7.8835,21.056,16.584,60.8955,0,18.6555,291.1,57.736000000000004,20.584,0.0,32.3675,9.792,9.012,14.524000000000001,21.137999999999998,88.9615,55.272,2.45,83.28,31.348,12.031500000000001,65.44,0,360.4
224,Friday,16:00:00,23.41,11.187999999999999,1.6475,0,42.5275,45.5195,0.0125,21.271,6.971,15.312000000000001,30.4,8.9155,21.408,16.8515,58.7515,0,12.88,295.12,56.519999999999996,20.62,0.0,32.271,5.764,9.068,14.335999999999999,20.942,90.67699999999999,55.328,2.445,85.31,30.78,12.311499999999999,71.19200000000001,0,360.9
225,Friday,16:30:00,23.404,11.052,1.9875,0,43.968,45.599000000000004,0.0135,3.7425,6.951499999999999,10.543,30.35,9.352,21.056,17.1355,59.2315,0,8.32,235.54,61.964,20.488,0.0,32.591,10.628,9.0,9.948,21.485999999999997,88.94,33.26,2.44,85.69,30.946,14.559999999999999,80.616,0,353.70000000000005
226,Friday,17:00:00,23.465,10.98,1.9635,0,45.263999999999996,45.744,0.0135,0.486,6.952,9.5835,30.65,10.604,20.656,16.6155,38.224000000000004,0,8.16,229.57,59.016000000000005,20.5995,0.0,32.4465,4.108,9.008,7.1355,20.734,89.9335,26.540000000000003,2.445,85.05,30.956000000000003,14.847,81.588,0,350.15
227,Friday,17:30:00,23.485,2.4075,2.268,0,48.5595,45.0075,0.013,0.486,11.3995,16.656,30.6,11.324,19.9025,18.04,23.999000000000002,0,15.119,229.61,51.0,20.704,0.0,32.6235,9.948,9.34,7.1395,21.700000000000003,51.275000000000006,26.64,2.445,85.5,30.304000000000002,14.696,75.696,0,352.9
228,Friday,18:00:00,23.448999999999998,0.8,2.392,0,46.510999999999996,45.168,0.013,0.494,6.964,12.959,30.700000000000003,11.967500000000001,20.272,18.5,23.808,0,49.584,229.53,65.94800000000001,20.624,0.0,32.3675,11.2995,9.02,7.115,24.194000000000003,43.6015,28.208,2.445,85.32,31.854,14.744,75.848,0,358.8
229,Friday,18:30:00,23.412,0.624,2.412,0,46.8315,44.879,0.013,0.486,6.952,11.423,35.2,13.34,20.272,17.536,23.6475,0,54.448,228.89,61.34,20.6955,0.0,32.3195,7.220000000000001,9.0195,10.723500000000001,23.866,45.833,28.16,2.455,81.72999999999999,31.84,13.7355,79.75200000000001,0,359.4
230,Friday,19:00:00,23.429000000000002,0.6154999999999999,2.479,0,54.8795,45.104,0.014,0.494,6.9559999999999995,11.136,35.1,15.232,20.143,19.0915,18.768,0,54.7195,228.57,58.312,20.759999999999998,0.0,32.2875,8.148,9.04,14.164000000000001,23.619999999999997,68.6925,38.744,3.67,80.3,31.665999999999997,14.1675,85.132,0,360.55
231,Friday,19:30:00,23.458,0.692,2.4835000000000003,0,52.592,45.087,0.0135,0.486,6.92,12.127500000000001,35.15,15.948,19.6955,17.3515,12.8305,0,54.911500000000004,227.49,76.00800000000001,20.768,0.0,31.759999999999998,13.879999999999999,9.0515,14.251,26.32,89.8,65.488,5.54,80.65,31.698,15.968,89.444,0,364.25
232,Friday,20:00:00,23.454,0.7315,2.499,0,52.3835,44.927,0.013,0.494,6.888,13.0075,38.0,15.243500000000001,18.4635,19.4715,14.4315,0,55.5505,226.56,76.16,20.750999999999998,0.0,32.2235,1.912,8.908000000000001,14.303,24.398,89.1665,100.936,5.525,81.92,31.478,15.56,86.624,0,364.9
233,Friday,20:30:00,23.462,0.591,2.447,0,56.7835,45.0875,0.0135,0.502,6.8795,13.247499999999999,39.3,13.587,19.536,20.796,13.951,0,55.295,226.07999999999998,67.488,20.735500000000002,0.0,32.3675,12.2715,8.883500000000002,14.4195,23.538,88.1425,101.664,5.5,80.59,31.612000000000002,11.327,80.412,0,361.1
234,Friday,21:00:00,23.450000000000003,0.592,2.288,0,49.1835,44.799499999999995,0.0135,0.511,6.8715,9.68,39.3,10.448,20.192,19.003999999999998,13.871500000000001,0,55.088,226.19,69.12,20.8755,0.0,32.079,14.315999999999999,9.084,14.439499999999999,23.314,90.517,102.668,5.5,80.88,31.512,11.616,75.38,0,363.1
235,Friday,21:30:00,23.482,0.588,2.1315,0,54.655,45.056,8.197000000000001,0.5025,18.6355,16.383499999999998,39.25,8.904,20.144,20.424,12.112,0,55.68,225.63,74.756,20.8555,0.0,32.3515,3.344,8.888,14.4145,23.626,69.205,102.78,5.49,80.57,30.758000000000003,14.399000000000001,69.008,0,361.85
236,Friday,22:00:00,23.503,0.58,2.172,0,51.647999999999996,44.832,8.2235,0.502,14.584,13.1995,39.2,8.0395,20.384,23.119999999999997,11.7915,0,54.1275,226.48,60.763999999999996,20.6995,0.0,32.528,11.052,8.816,14.312000000000001,24.148,57.3925,103.08000000000001,5.5,80.31,29.402,14.6075,66.432,0,363.7
237,Friday,22:30:00,23.412,0.5640000000000001,1.8599999999999999,0,45.408,44.8,8.195,0.494,16.959,13.519,39.099999999999994,6.5954999999999995,20.191499999999998,24.4555,11.952,0,54.944,290.03999999999996,55.620000000000005,20.639499999999998,0.0,32.2395,9.036,8.736,14.287500000000001,22.542,79.625,102.88,5.48,80.6,29.57,14.367,58.94,0,360.7
238,Friday,23:00:00,11.722999999999999,0.552,1.5955,0,38.736000000000004,44.7195,8.202499999999999,0.5105,14.163,10.928,39.25,6.395,20.0475,25.348,11.743500000000001,0,29.488,290.03999999999996,34.296,20.622999999999998,0.0,32.271,2.068,14.4875,14.383500000000002,20.695999999999998,90.92349999999999,103.1,5.465,53.54,27.176000000000002,14.4955,56.828,0,362.35
239,Friday,23:30:00,11.681999999999999,0.563,1.1400000000000001,0,34.832,44.384,8.179,51.352000000000004,16.2955,11.743500000000001,38.95,5.9795,20.0475,24.28,11.776,0,29.184,366.06,33.484,20.572000000000003,0.0,32.4155,12.639,14.732,14.3995,23.573999999999998,66.8635,114.636,5.465,8.059999999999999,18.7,13.527999999999999,46.980000000000004,0,361.55
240,Saturday,00:00:00,16.680999999999997,0.483,1.3635000000000002,0,29.744,44.6395,8.2045,58.415,16.259999999999998,11.471499999999999,34.8,5.8155,17.264000000000003,23.276,11.792,0,28.4315,411.01,44.264,20.588,0.0,32.08,8.4275,14.728,14.404,24.212,44.995,124.03999999999999,5.45,7.300000000000001,18.524,14.095500000000001,44.844,0,361.29999999999995
241,Saturday,00:30:00,17.127,0.46749999999999997,1.156,0,14.64,44.3195,8.1865,58.128,13.9435,10.559999999999999,34.4,5.556,19.504,16.951,11.648,0,29.4075,372.19,43.068,20.5515,0.0,31.935499999999998,6.648,14.696000000000002,14.468,21.951999999999998,43.689,124.0,5.445,7.78,18.942,15.84,54.712,0,360.75
242,Saturday,01:00:00,11.703999999999999,0.41600000000000004,1.5354999999999999,0,14.56,44.448,8.1835,57.775,13.896,11.968,34.4,5.439,14.367,12.4795,11.6795,0,17.311500000000002,362.11,53.760000000000005,20.5195,0.0,32.415000000000006,7.192,14.704,14.344,19.688,45.260999999999996,123.352,5.435,7.47,18.758,15.488,31.54,0,364.65
243,Saturday,01:30:00,11.721,0.40800000000000003,1.7040000000000002,0,13.5355,44.1435,8.169,57.504,11.939,14.158999999999999,34.8,4.66,11.136,13.156,11.68,0,11.056000000000001,362.08000000000004,53.268,20.4795,0.0,32.1595,9.923,14.679,14.352,17.799999999999997,45.367000000000004,123.25200000000001,5.435,6.98,18.814,11.336,42.843999999999994,0,356.65
244,Saturday,02:00:00,10.226999999999999,0.3995,1.635,0,13.344000000000001,40.5275,8.1725,57.5835,11.544,12.464,34.75,3.8434999999999997,10.4635,12.624,11.4235,0,10.9115,310.87,52.068,20.1555,0.0,32.207499999999996,3.444,14.6795,14.42,17.927999999999997,45.2005,123.364,5.435,7.08,16.740000000000002,11.5755,30.736,0,356.4
245,Saturday,02:30:00,0.022,0.6035,1.8435000000000001,0,12.4,31.503999999999998,8.1845,57.3115,11.087,12.896,30.75,3.8274999999999997,8.991499999999998,7.3515,11.663,0,11.104,292.25,28.472,20.136,0.0,32.0625,7.6235,14.64,14.483,15.852,43.402499999999996,123.76,5.425,7.07,4.32,14.4315,25.503999999999998,0,349.85
246,Saturday,03:00:00,0.023,2.9240000000000004,1.3995,0,11.632000000000001,31.2955,8.176,57.047,10.4875,8.304,30.65,3.7670000000000003,7.903,7.4,11.232,0,9.599,292.05,25.292,20.3595,0.0,32.078500000000005,4.344,14.664,14.411999999999999,15.265999999999998,3.176,122.312,5.425,26.099999999999998,4.27,14.527999999999999,21.323999999999998,0,349.7
247,Saturday,03:30:00,0.022,7.3,1.6880000000000002,0,11.472000000000001,31.248,8.1785,56.704,10.196,10.767,30.45,3.5475000000000003,6.672000000000001,7.4435,11.519,0,8.6235,292.11,25.028,20.475,0.0,32.175,10.632,13.792,14.471499999999999,12.992,3.0195,103.21600000000001,5.43,45.72,4.244,14.5515,15.536,0,343.05
248,Saturday,04:00:00,0.022,7.5515,1.6989999999999998,0,11.023499999999999,31.296,8.195,56.471000000000004,10.092,12.448,30.6,3.656,5.84,7.640000000000001,11.008,0,7.92,292.40999999999997,24.356,20.399,0.0,32.335499999999996,0.28400000000000003,8.104,14.472000000000001,12.702,4.916,103.20400000000001,5.42,71.85,4.242,14.774999999999999,22.372,0,338.95
249,Saturday,04:30:00,0.022,7.28,2.124,0,11.1035,31.296000000000003,8.1865,54.135999999999996,9.8795,11.072,30.65,4.0075,4.112,7.568,10.8795,0,15.519499999999999,291.9,38.968,20.172,0.0,32.527,1.008,8.047,14.3985,11.388,2.427,103.048,5.414999999999999,82.99000000000001,6.117999999999999,13.504,18.248,0,338.0
250,Saturday,05:00:00,0.022,7.368,2.284,0,10.192,31.088,8.1875,40.144000000000005,9.3195,9.8715,30.5,4.380000000000001,4.1745,10.968,11.04,0,17.872,291.88,31.880000000000003,20.340000000000003,0.0,32.8955,10.716000000000001,8.0915,14.3355,10.836,2.4865,103.1,5.41,80.02,16.104,13.815999999999999,27.148,0,338.6
251,Saturday,05:30:00,0.022,12.568000000000001,2.3914999999999997,0,8.208,32.063,8.3445,26.911,6.888,14.3995,30.55,6.0275,4.0635,9.6,10.736,0,8.5745,292.42,56.728,20.264000000000003,0.0,32.302499999999995,0.28400000000000003,8.1435,14.3995,11.356000000000002,2.6155,103.132,5.41,83.33,16.27,15.871500000000001,25.768,0,343.15
252,Saturday,06:00:00,0.022,12.496,2.444,0,8.064,32.08,8.3245,19.207,6.8515,11.1675,30.55,6.68,3.887,12.308,10.6875,0,7.791500000000001,274.89,49.879999999999995,20.496,0.0,32.527,5.768,7.888,14.352,11.276,2.51,102.984,5.404999999999999,80.74000000000001,16.166,15.552,29.596,0,349.65
253,Saturday,06:30:00,0.022,12.48,2.204,0,7.3759999999999994,32.032000000000004,8.311000000000002,19.246499999999997,6.8715,12.352,30.4,8.08,4.494999999999999,11.307500000000001,10.368,0,7.744,230.96,78.492,20.5835,0.0,32.6395,4.76,8.063,14.367999999999999,11.489999999999998,2.3605,102.84,5.404999999999999,80.91,16.34,11.5595,34.824,0,344.04999999999995
254,Saturday,07:00:00,18.692,12.548,2.16,0,6.3195,31.9835,8.298499999999999,19.166999999999998,6.827500000000001,10.096,30.35,9.152000000000001,4.0955,11.1955,10.095,0,7.792,230.75,86.17599999999999,20.752,0.0,32.4475,6.3755,7.7955000000000005,14.447,13.48,2.7714999999999996,102.712,5.4,82.59,16.372,11.535499999999999,61.352000000000004,0,342.6
255,Saturday,07:30:00,23.488999999999997,12.548,2.1235,0,9.168,48.32,0.0815,3.2070000000000003,6.831,13.824,30.4,9.975999999999999,3.9354999999999998,11.728000000000002,10.704,0,22.4795,103.88,104.356,20.671999999999997,0.0,32.16,11.6235,7.871,14.4275,14.940000000000001,3.5905,39.164,5.395,83.02000000000001,20.944,14.311499999999999,71.28,0,342.1
256,Saturday,08:00:00,23.537,22.1755,2.212,0,10.9755,47.968,0.013,0.486,6.896,13.4875,30.35,10.2315,4.6075,15.943999999999999,9.8555,0,38.927,83.01,117.20400000000001,20.776,0.0,32.591,10.783999999999999,7.984,14.4475,15.154,39.19,28.172,5.4,82.86,30.502,14.527999999999999,71.696,0,343.65
257,Saturday,08:30:00,23.526000000000003,31.636000000000003,2.164,0,10.8635,47.936,0.014,0.494,6.855499999999999,12.9755,30.4,10.02,4.272,14.9955,9.392,0,40.432,82.76,106.768,20.7235,0.0,32.432,11.1875,7.827,14.467500000000001,17.208,81.37100000000001,28.048,5.390000000000001,84.53,31.997999999999998,14.3915,73.252,0,343.25
258,Saturday,09:00:00,23.443,31.711999999999996,2.096,0,11.024000000000001,47.855500000000006,0.0135,0.494,6.8759999999999994,9.7595,30.4,10.176,4.368,14.9705,9.264,0,53.5995,82.69999999999999,102.452,20.560000000000002,0.0,32.3995,12.2195,7.847,14.52,21.131999999999998,88.6445,28.008,5.38,81.56,32.1,14.6155,72.364,0,344.85
259,Saturday,09:30:00,23.453,29.024,2.0395000000000003,0,9.76,48.64,0.014,0.495,11.4435,16.2395,30.45,9.807500000000001,4.304,21.052,8.9585,0,54.575500000000005,82.73,101.75200000000001,20.624000000000002,0.0,32.1915,10.7715,7.962999999999999,14.584,25.314,88.1925,28.04,5.375,84.02000000000001,32.19,13.719999999999999,71.28,0,345.79999999999995
260,Saturday,10:00:00,23.471,29.004,2.0035,0,8.8155,49.616,0.013,0.47850000000000004,6.9315,15.36,30.5,9.3155,4.336,17.336,8.655999999999999,0,54.6555,82.8,100.50399999999999,20.6035,0.0,32.1745,17.8,7.939,14.567,26.194,94.703,28.056,5.375,80.68,32.438,14.128,72.86000000000001,0,347.95
261,Saturday,10:30:00,23.435,26.196,1.992,0,12.2875,49.5195,0.0135,36.7915,6.92,14.3515,30.5,9.372,7.632,17.252000000000002,8.687999999999999,0,55.5675,248.69,102.96,20.563499999999998,0.0,32.304,13.436,8.256,14.576,26.712,88.383,74.696,5.365,80.07,32.614000000000004,15.952000000000002,75.104,0,345.35
262,Saturday,11:00:00,11.796,30.979999999999997,1.992,0,12.495,49.535,0.014,42.288,6.932,14.0465,30.6,9.136,10.912,17.576,8.7995,0,56.1915,290.54999999999995,86.94,20.5635,0.0,32.4475,6.496,14.4835,14.5435,26.266,94.6445,79.296,5.365,80.12,32.674,15.6155,70.64,0,347.15
263,Saturday,11:30:00,11.712,47.836,2.088,0,14.318999999999999,49.568,0.0135,42.263,6.9,17.632,30.45,8.3875,12.479,16.639499999999998,9.12,0,56.207,290.75,80.26400000000001,20.496,0.0,32.159000000000006,11.108,14.8235,14.64,29.512,96.10149999999999,79.256,5.345,81.46000000000001,32.748000000000005,11.567499999999999,68.624,0,345.29999999999995
264,Saturday,12:00:00,22.195,48.0755,2.076,0,21.231,49.215500000000006,0.0135,42.1755,6.92,15.727,30.450000000000003,8.3115,12.190999999999999,17.944000000000003,8.48,0,57.968,291.22,80.804,20.4715,0.0,32.159499999999994,15.1,14.76,14.6515,27.622,94.9565,79.344,5.345,80.26,32.91,11.968,66.256,0,344.6
265,Saturday,12:30:00,23.453,47.564,1.991,0,18.575,49.1995,0.0135,42.152,11.464,15.2635,30.5,7.6674999999999995,12.527999999999999,18.484,9.008,0,54.831500000000005,290.76,82.7,20.5315,0.0,32.048,6.5280000000000005,14.304,14.68,25.822,91.7575,79.172,5.365,80.63,28.624,14.5275,65.50800000000001,0,341.45
266,Saturday,13:00:00,23.465000000000003,47.116,1.756,0,17.727,49.184,0.0135,42.007999999999996,6.916,11.232,30.55,8.403500000000001,20.352,16.092,9.392,0,53.2475,295.0,84.084,20.639499999999998,0.0,32.1435,6.688000000000001,8.4155,14.66,26.48,88.5515,79.216,5.365,80.09,25.381999999999998,14.6395,65.776,0,340.35
267,Saturday,13:30:00,23.463,48.024,1.6440000000000001,0,20.063499999999998,49.311499999999995,0.0125,40.096000000000004,6.9635,16.464,30.35,8.6235,19.456,16.875999999999998,9.488,0,44.207499999999996,295.18,73.428,20.558999999999997,0.0,32.207499999999996,11.151499999999999,8.536000000000001,14.712,24.009999999999998,84.3895,79.23599999999999,5.365,80.22999999999999,31.538,14.6395,64.628,0,341.35
268,Saturday,14:00:00,23.403,47.632000000000005,1.6,0,23.152,49.5195,0.013,40.040000000000006,6.936,15.2475,30.450000000000003,8.3595,16.272,17.66,9.392,0,44.752,295.34000000000003,70.99199999999999,20.5305,0.0,32.269999999999996,8.608,8.623999999999999,14.724,23.472,86.9025,60.908,5.34,80.32,31.235999999999997,14.9515,58.988,0,342.75
269,Saturday,14:30:00,23.376,47.464,1.604,0,21.087,49.5195,0.0135,32.9515,6.928,13.7595,30.35,8.0915,16.624000000000002,15.636,10.288,0,30.302500000000002,294.26,64.412,20.304000000000002,0.0,32.0155,9.8835,8.924,14.7195,24.48,85.779,55.620000000000005,5.335,80.28999999999999,31.512,14.112,60.956,0,337.95000000000005
270,Saturday,15:00:00,16.22,46.8915,1.756,0,20.175,49.471999999999994,0.013,9.7035,6.92,10.5275,30.35,8.2395,16.608,11.0155,10.671,0,25.9025,293.4,49.471999999999994,20.307499999999997,0.0,31.791,7.296,8.9,14.735,23.088,44.266,55.44,5.33,80.28,31.686,14.191500000000001,59.096000000000004,0,337.45000000000005
271,Saturday,15:30:00,10.539,44.652,1.992,0,20.0475,49.408,0.0125,0.782,6.932,14.96,30.200000000000003,8.328,18.3035,7.6465,10.816,0,20.384,293.82,43.132,20.3675,0.0,31.648,3.5555000000000003,8.659500000000001,14.716000000000001,21.682000000000002,28.6295,55.532,5.305,80.41999999999999,31.762,15.928,62.948,0,334.95000000000005
272,Saturday,16:00:00,3.6950000000000003,44.683499999999995,2.064,0,19.0395,49.2635,0.013,0.7985,6.92,15.9515,30.35,9.043500000000002,16.4795,9.1395,11.343499999999999,0,18.767,294.13,44.72,20.3275,0.0,31.759,12.3995,8.968,14.743500000000001,21.29,25.1445,55.568,5.295,79.93,31.772,15.5835,55.324,0,332.1
273,Saturday,16:30:00,11.681999999999999,44.492,2.008,0,22.8475,47.8715,0.012,0.8069999999999999,6.944,11.663,30.450000000000003,9.752,12.368,10.1195,11.664,0,18.144,167.45,35.832,20.191499999999998,0.0,31.807499999999997,0.716,8.7475,10.168,20.8,43.5225,30.020000000000003,5.285,80.25,19.092,11.3355,61.04,0,330.1
274,Saturday,17:00:00,11.665999999999999,44.723,2.12,0,27.328000000000003,43.616,0.013,0.47050000000000003,6.932,11.711,30.4,10.152000000000001,12.4315,11.279,12.3515,0,10.512,147.14,59.676,20.204,0.0,31.424,11.572,8.772,7.14,20.028,43.6885,26.724,5.275,80.28999999999999,19.076,11.7355,62.456,0,329.45
275,Saturday,17:30:00,11.666,39.156,2.1715,0,25.76,43.8225,0.012,0.478,11.4755,16.72,30.25,11.427499999999998,12.383000000000001,10.26,12.878499999999999,0,10.8955,147.35,69.228,20.256,0.0,31.743499999999997,6.248,8.812000000000001,7.103,21.57,45.355999999999995,27.928,5.255,77.8,19.054,14.591000000000001,57.903999999999996,0,326.55
276,Saturday,18:00:00,20.308,39.204,2.332,0,28.8155,43.7275,0.0125,0.486,6.884,13.952,30.25,13.5435,12.432,9.404,12.6385,0,34.032,147.48,83.364,20.247999999999998,0.0,31.743499999999997,9.3395,8.779499999999999,7.1355,21.768,43.6175,27.868,5.25,77.77000000000001,18.88,14.728,69.616,0,327.54999999999995
277,Saturday,18:30:00,23.475,39.346999999999994,2.356,0,26.943,43.647999999999996,0.0125,0.47050000000000003,6.8919999999999995,12.5915,34.7,15.531500000000001,15.392,9.055,12.607,0,54.288,147.55,92.69200000000001,20.0195,0.0,31.631999999999998,9.804,8.676,10.7995,20.055999999999997,44.939,27.979999999999997,5.24,77.85,17.756,14.6715,69.48400000000001,0,322.95
278,Saturday,19:00:00,23.472,39.012,2.2720000000000002,0,19.968,43.76,0.0135,0.486,6.8919999999999995,10.271,34.75,16.7315,20.032,11.871500000000001,12.624,0,53.2795,147.20000000000002,97.024,20.055999999999997,0.0,31.7115,6.688,8.512,14.219,22.286,74.9585,44.784,5.234999999999999,77.57,31.012,14.8235,80.18,0,324.85
279,Saturday,19:30:00,23.490000000000002,39.275499999999994,2.3195,0,14.576,43.68,0.013,0.494,6.912,14.0475,35.8,17.056,18.7035,16.8,12.832,0,52.7995,147.19,90.168,19.924,0.0,32.063,10.8275,8.652000000000001,14.3265,22.214,86.7195,51.440000000000005,5.225,77.89,31.71,13.783999999999999,83.78,0,323.25
280,Saturday,20:00:00,23.52,39.2395,2.42,0,10.6875,43.870999999999995,0.013,0.48650000000000004,6.855,13.552,36.4,16.575000000000003,19.710500000000003,16.0995,14.143,0,55.504000000000005,146.63,95.16,19.948,0.0,32.016,3.9879999999999995,8.364,14.428,21.716,85.0095,51.535999999999994,5.225,78.35,31.402,14.0795,70.608,0,323.75
281,Saturday,20:30:00,23.506999999999998,39.0955,2.436,0,9.408000000000001,43.728,0.013,0.494,6.9079999999999995,12.544,36.4,14.4475,19.311,15.98,13.856,0,53.1515,9.31,93.98400000000001,19.988,0.0,32.207,10.412,8.2835,14.396,21.61,70.706,51.763999999999996,5.225,78.13999999999999,31.644,15.912,69.72,0,322.6
282,Saturday,21:00:00,23.492,36.911500000000004,2.176,0,9.360000000000001,43.872,0.013,0.495,6.904,9.0715,36.35,11.676,19.6955,16.1075,13.567,0,54.6875,80.11,69.29599999999999,20.104,0.0,32.063,3.3680000000000003,8.32,14.4475,20.921999999999997,72.4525,52.099999999999994,5.22,78.18,31.548,15.5355,66.576,0,318.95000000000005
283,Saturday,21:30:00,23.442999999999998,37.2475,2.12,0,9.871500000000001,43.824,8.243,0.494,18.796,16.4155,36.1,8.9315,19.808,16.1115,12.064,0,56.528,80.14999999999999,70.21199999999999,20.044,0.0,32.1115,10.5835,8.604,14.5155,19.622,86.498,52.048,5.175000000000001,80.1,24.148,11.144,65.768,0,315.95000000000005
284,Saturday,22:00:00,23.506,36.26,1.948,0,14.576,43.728,8.259,0.495,12.9835,14.112,36.3,7.4715,19.871,18.264,11.967500000000001,0,57.3595,80.15,67.82,20.131999999999998,0.0,32.2875,8.304,8.6275,14.471499999999999,21.1,85.26,52.244,5.15,76.96000000000001,30.766,11.8395,62.304,0,316.4
285,Saturday,22:30:00,23.464,23.6875,1.348,0,14.56,43.8555,8.264999999999999,0.48650000000000004,13.988,11.2,36.25,6.168,19.663,18.916,11.504,0,58.5115,116.56,59.492000000000004,20.159999999999997,0.0,32.191,8.404,8.288,14.428,18.823999999999998,85.0735,51.992,5.16,74.13,32.894000000000005,14.32,52.472,0,310.85
286,Saturday,23:00:00,16.09,22.2,1.376,0,6.56,43.7915,8.2365,0.486,17.528,9.279499999999999,36.0,5.832,8.959,18.756,11.343,0,58.367999999999995,219.65,58.284,20.191499999999998,0.0,32.351,4.776,14.504,14.48,18.092,88.03999999999999,52.544000000000004,5.16,79.37,22.909999999999997,14.4955,57.024,0,311.25
287,Saturday,23:30:00,2.149,22.6955,1.2755,0,6.6075,43.8865,8.190999999999999,49.207499999999996,12.7835,15.439499999999999,35.8495,5.743,6.288,17.396,11.344,0,49.088,272.18,48.208,20.152,0.0,32.4795,6.212,14.895999999999999,14.3675,21.466,47.412,103.21199999999999,5.15,52.580000000000005,30.896,14.407499999999999,38.272,0,306.75
288,Sunday,00:00:00,0.022,22.240000000000002,1.3795,0,6.6555,43.7915,8.201,56.024,15.503499999999999,11.743,35.8,5.2915,5.727,21.939999999999998,11.5515,0,29.935499999999998,295.53999999999996,42.992,19.991500000000002,0.0,32.3835,8.711500000000001,14.9035,14.403500000000001,21.752,45.666000000000004,103.34,5.140000000000001,41.800000000000004,31.512,14.535499999999999,23.352,0,306.20000000000005
289,Sunday,00:30:00,0.022,22.195,1.444,0,1.616,43.9035,8.1935,55.695499999999996,15.4315,9.951,35.599999999999994,5.5120000000000005,4.671,17.231,11.4235,0,29.6,295.13,46.212,20.0035,0.0,32.2065,1.5919999999999999,14.568000000000001,14.3915,22.77,44.035500000000006,103.28,5.145,42.220000000000006,30.2,13.671,26.8,0,305.70000000000005
290,Sunday,01:00:00,4.908,22.1755,1.3,0,1.455,43.855000000000004,8.183,53.976,12.948,10.975000000000001,31.8,5.3755,4.448,16.564,11.536,0,30.143,295.15,62.188,19.948,0.0,32.302499999999995,3.3560000000000003,14.595500000000001,14.36,20.168,45.316,103.25200000000001,5.140000000000001,42.44,17.298,14.08,22.352,0,307.35
291,Sunday,01:30:00,0.022,22.1715,1.651,0,1.4075000000000002,43.7755,8.1945,40.632000000000005,11.0715,15.2955,31.75,5.4719999999999995,4.3835,14.632000000000001,11.487,0,25.104,294.13,61.608000000000004,19.999,0.0,31.967,5.46,14.788,14.4115,18.28,62.694,103.136,5.145,41.67,17.346,15.776,39.228,0,307.25
292,Sunday,02:00:00,5.271999999999999,22.2835,1.596,0,1.4715,43.888000000000005,8.192499999999999,40.5595,11.9075,13.184,30.85,5.5155,4.288,10.096,11.424,0,14.415499999999998,274.76,58.808,19.9195,0.0,32.0635,0.33599999999999997,14.544,14.3995,16.692,37.7235,103.19999999999999,5.140000000000001,41.87,17.512,15.456,37.82,0,305.29999999999995
293,Sunday,02:30:00,10.471,22.262500000000003,1.7395,0,1.408,43.760000000000005,8.1945,40.408,11.7515,11.632,30.65,5.244,4.448,10.012,10.895499999999998,0,7.807499999999999,225.01999999999998,43.556,19.982999999999997,0.0,32.0955,8.780000000000001,14.52,14.4115,15.694,2.6855,103.19999999999999,5.135,42.07,5.892,11.208,42.007999999999996,0,301.0
294,Sunday,03:00:00,23.566000000000003,22.368,1.412,0,1.4235,43.9035,8.218,40.327,10.3275,6.9435,30.55,4.8759999999999994,4.112,6.232,10.959499999999998,0,7.936,225.13,43.052,20.0795,0.0,32.3995,0.288,14.54,14.407,13.64,2.5315,103.324,5.135,41.95,5.66,11.535499999999999,49.572,0,300.65
295,Sunday,03:30:00,20.869999999999997,25.767,1.835,0,1.376,43.7755,8.2145,40.1755,10.079999999999998,14.864,30.5,4.9559999999999995,4.3195,5.324,10.7035,0,7.824,224.71,26.928,20.060000000000002,0.0,32.479,5.604,13.724,14.344,12.756,2.3529999999999998,102.964,5.12,41.830000000000005,5.678,14.408,38.504000000000005,0,295.9
296,Sunday,04:00:00,11.771999999999998,25.696,1.5915,0,1.3915,44.016000000000005,8.2075,40.1035,9.94,12.496,30.1,5.603,4.0625,4.436,10.6555,0,8.032,224.48000000000002,42.396,20.08,0.0,32.64,1.18,8.004,14.3595,11.506,2.4320000000000004,101.96799999999999,5.109999999999999,41.66,5.416,14.584,34.84,0,295.75
297,Sunday,04:30:00,6.114999999999999,25.704,2.112,0,1.439,43.903,8.217,30.1435,9.216000000000001,9.8555,30.15,5.779999999999999,3.9515000000000002,3.5475,10.815999999999999,0,7.711500000000001,224.75,52.432,20.048000000000002,0.0,32.864000000000004,0.288,7.948,14.379999999999999,11.280000000000001,2.8415,101.792,5.135,38.690000000000005,4.804,14.247499999999999,38.308,0,293.95
298,Sunday,05:00:00,0.022,25.719500000000004,2.212,0,1.3439999999999999,43.807500000000005,8.2105,19.48,8.3035,10.1435,30.05,5.68,3.887,3.6795,10.864,0,7.568,225.0,57.08,19.988,0.0,32.512,8.619499999999999,7.8915,14.4755,10.376000000000001,2.3055,101.94800000000001,5.13,42.53,4.864,14.448,22.356,0,293.85
299,Sunday,05:30:00,0.022,25.607999999999997,2.316,0,1.312,44.288,8.2195,19.528,7.3835,15.664,30.0,6.327500000000001,3.9505,3.495,10.5915,0,7.824,225.23,48.832,19.716,0.0,32.303,0.292,7.9035,14.471499999999999,10.234,2.8280000000000003,101.132,5.12,41.92,4.822,13.416,21.208,0,293.3
300,Sunday,06:00:00,0.022,25.692,2.316,0,1.264,44.480000000000004,8.2145,19.368,6.7995,12.095500000000001,30.0,6.339,3.871,3.171,10.5275,0,7.696,208.31,46.844,19.683500000000002,0.0,32.319,0.28400000000000003,8.171,14.432,10.034,2.166,75.308,5.115,41.72,4.786,13.928,29.363999999999997,0,290.0
301,Sunday,06:30:00,0.022,25.6715,2.204,0,1.264,44.575500000000005,8.217,19.4,6.8515,10.992,30.049999999999997,6.675,3.9675000000000002,3.271,10.559999999999999,0,7.2,164.82,63.971999999999994,20.0315,0.0,32.784,5.816,7.6434999999999995,14.352,11.440000000000001,2.346,54.356,5.109999999999999,41.75,4.772,15.871500000000001,28.756,0,293.95000000000005
302,Sunday,07:00:00,0.022,33.4715,2.24,0,1.168,44.448,8.2235,9.8555,6.804,8.96,30.1,7.332000000000001,4.063000000000001,3.3034999999999997,9.856,0,7.4559999999999995,159.03,62.456,20.116,0.0,32.703500000000005,6.419499999999999,7.6875,14.356,12.09,2.4165,54.236000000000004,5.12,67.24,7.084,15.5595,34.088,0,308.15
303,Sunday,07:30:00,6.388999999999999,45.7875,2.2199999999999998,0,4.175,43.984,0.09000000000000001,0.823,6.864,14.7675,30.15,7.5875,4.0954999999999995,3.3754999999999997,9.504,0,12.846499999999999,91.72,78.96,19.607999999999997,0.0,32.768,5.852,7.727,14.3915,13.616,20.614,15.688,5.12,69.37,18.848000000000003,11.32,56.736000000000004,0,306.9
304,Sunday,08:00:00,11.727,44.228,2.3200000000000003,0,6.56,43.728,0.014,0.494,6.9239999999999995,13.6955,30.15,7.744,4.096,3.748,9.264,0,46.32,24.02,62.08,19.564,0.0,32.4955,7.8035,7.695,14.4555,15.702000000000002,90.65899999999999,0.848,5.115,48.5,18.948,11.7035,61.812,0,302.2
305,Sunday,08:30:00,23.486,42.824,2.1879999999999997,0,6.528,43.663,0.014,0.494,6.8075,13.1675,30.15,8.1,4.992,9.388,8.832,0,52.4955,82.2,63.736000000000004,19.54,0.0,32.3835,12.844,7.888,14.4755,19.234,98.13149999999999,0.844,5.105,79.82,19.2,14.3995,65.364,0,301.75
306,Sunday,09:00:00,23.46,43.727999999999994,1.9754999999999998,0,1.424,43.727000000000004,0.014,0.48650000000000004,6.8795,9.216000000000001,30.2,7.892,11.6955,15.976,8.432,0,54.480000000000004,50.22,61.943999999999996,19.516,0.0,32.4955,7.9239999999999995,7.791,14.4835,24.608,98.855,0.848,5.095000000000001,81.0,18.849999999999998,14.663499999999999,66.22399999999999,0,294.04999999999995
307,Sunday,09:30:00,23.488,44.84,1.932,0,1.3599999999999999,43.568,0.0135,0.486,10.724,17.872,30.35,8.064,11.328,20.8435,8.1755,0,55.28,1.15,62.208,19.383499999999998,0.0,32.239999999999995,12.432,7.803999999999999,14.4875,27.908,90.122,14.348,5.105,80.22,18.894,14.6555,66.548,0,295.25
308,Sunday,10:00:00,23.506,43.199,1.7360000000000002,0,1.439,44.4795,0.014,0.48650000000000004,6.9755,15.0075,30.4,8.899999999999999,11.7115,20.627499999999998,8.064,0,54.7675,1.23,67.096,19.391,0.0,32.57599999999999,11.498999999999999,7.9475,14.556000000000001,27.108,81.97,27.14,5.095000000000001,79.78999999999999,27.024,14.566500000000001,68.22,0,296.85
309,Sunday,10:30:00,23.495,41.06,1.6400000000000001,0,1.391,44.303,0.014,18.991,6.944,14.048,30.4,9.108,11.855,22.988,7.9675,0,57.728,194.09,77.488,19.332,0.0,32.5115,3.671,8.1475,14.492,27.628,68.2705,54.528,5.095000000000001,79.9,32.324,13.623999999999999,64.64,0,296.5
310,Sunday,11:00:00,23.478,40.567499999999995,1.8,0,1.423,44.4795,0.0135,37.288000000000004,6.928,13.6,30.35,8.916,11.904,23.1355,8.32,0,58.96,228.87,81.872,19.311500000000002,0.0,32.608,13.368,14.459999999999999,14.5115,27.822,51.397,54.524,5.08,80.28,32.623999999999995,14.0715,65.768,0,301.1
311,Sunday,11:30:00,18.648,44.56,1.748,0,1.471,44.23950000000001,0.014,40.5195,6.9,16.416,30.4,8.564,11.952,22.072,8.672,0,59.792,228.5,81.79599999999999,19.243499999999997,0.0,32.4955,10.332,14.690999999999999,14.471499999999999,28.144,47.907999999999994,54.42,5.08,80.17,32.598,15.96,70.284,0,307.70000000000005
312,Sunday,12:00:00,23.073999999999998,44.355500000000006,1.78,0,1.4715,43.631,0.014,40.472,6.8115000000000006,15.456,30.45,7.540000000000001,11.8555,24.716,8.864,0,58.144000000000005,228.66,74.47999999999999,19.056,0.0,32.367999999999995,11.332,14.735999999999999,14.5555,28.256,49.131,54.54,5.07,79.66999999999999,32.775999999999996,15.608,63.448,0,311.6
313,Sunday,12:30:00,19.978,43.343,1.748,0,10.271999999999998,43.775000000000006,0.0135,42.296,11.356,13.28,30.450000000000003,7.3395,8.8155,23.1115,8.975999999999999,0,56.976,228.85000000000002,71.372,19.003,0.0,32.3675,5.859500000000001,14.331999999999999,14.508,26.596,46.918499999999995,54.516,5.07,80.07,33.05,11.7675,58.81999999999999,0,314.25
314,Sunday,13:00:00,11.764999999999999,47.5065,1.74,0,11.952,43.584,0.013,42.2,6.968,10.7995,30.4,7.276,4.208,17.744,9.408,0,38.751999999999995,228.67,68.208,19.076,0.0,32.448,8.1,8.251999999999999,14.436,25.586,48.9525,54.604,5.0649999999999995,81.12,33.124,11.8155,50.331999999999994,0,315.65
315,Sunday,13:30:00,4.920999999999999,46.8155,1.7000000000000002,0,11.92,43.92,0.013,40.2235,6.9115,16.751,30.35,6.952,4.224,18.404,9.824,0,29.2155,228.37,68.80799999999999,19.064,0.0,31.711,10.8395,8.395,14.484,25.072000000000003,39.098,54.432,5.0600000000000005,80.96000000000001,32.888,14.408,45.495999999999995,0,316.65
316,Sunday,14:00:00,0.022,46.487,1.931,0,11.952,44.23950000000001,0.013,36.792,6.916,16.704,30.35,6.288,4.272,18.236,10.383500000000002,0,28.560000000000002,229.05,69.27199999999999,19.055500000000002,0.0,31.935,3.0035000000000003,8.459,14.516,24.554000000000002,21.927,54.403999999999996,5.0600000000000005,81.49000000000001,29.555999999999997,14.623999999999999,35.956,0,318.25
317,Sunday,14:30:00,0.022,46.6,2.0715000000000003,0,11.92,36.304,0.013,18.415,6.928,12.896,30.35,6.7555,4.208,16.64,10.255500000000001,0,28.656,230.36,66.132,18.863500000000002,0.0,32.0475,10.38,8.3915,14.544,25.445999999999998,50.469,54.379999999999995,5.055,80.77000000000001,19.906,14.559999999999999,43.476,0,312.6
318,Sunday,15:00:00,7.1160000000000005,41.7635,2.024,0,11.472,33.328,0.013,0.782,6.904,10.7515,30.2,6.82,4.304,16.6595,10.336,0,20.255499999999998,230.36,61.412,18.871499999999997,0.0,31.887,0.7160000000000001,8.596,14.511500000000002,22.55,75.34,54.292,5.055,80.84,20.098,14.631499999999999,55.248000000000005,0,315.4
319,Sunday,15:30:00,19.907,41.6195,2.048,0,1.6795,32.655,0.012,0.774,6.967499999999999,16.032,30.4,7.6,4.24,12.46,10.6875,0,10.5595,259.34000000000003,57.244,18.8955,0.0,32.031,9.995999999999999,8.596,14.496,20.836,95.196,54.304,5.05,81.05,20.188000000000002,13.7035,64.48400000000001,0,313.2
320,Sunday,16:00:00,23.35,44.94799999999999,2.0675,0,1.536,32.6235,0.012,0.782,6.936,13.6155,30.35,8.519,4.256,10.7435,10.719999999999999,0,8.719999999999999,288.86,57.452,18.880000000000003,0.0,32.095,3.7520000000000002,8.628,14.503499999999999,21.938000000000002,95.208,54.3,5.050000000000001,81.02,19.46,14.08,69.66,0,310.20000000000005
321,Sunday,16:30:00,23.485999999999997,44.703500000000005,2.059,0,1.4715,32.064,0.013,0.47850000000000004,6.9875,11.247,30.4,9.439,4.288,7.8435,11.104,0,8.495999999999999,108.48,69.56400000000001,18.7115,0.0,32.1435,12.388,8.748000000000001,10.0995,19.54,91.321,34.004,5.029999999999999,79.86,18.276,15.928,69.74000000000001,0,307.05
322,Sunday,17:00:00,23.477,43.3235,1.9995,0,1.4715,32.4,0.0125,0.494,6.959,12.463999999999999,30.45,10.648,4.368,6.8275,11.6955,0,8.496,86.48,66.58,18.736,0.0,32.207,5.812,9.239,7.2675,18.700000000000003,89.94149999999999,26.98,5.035,82.93,18.366,15.568,72.06,0,303.05
323,Sunday,17:30:00,23.445999999999998,35.34,2.2039999999999997,0,1.4875,32.048,0.013,0.494,11.5115,17.456000000000003,30.4,11.96,4.720000000000001,5.42,12.271999999999998,0,8.304,86.42999999999999,67.312,19.356,0.0,32.2875,10.943999999999999,8.940000000000001,7.1905,21.462,94.37950000000001,26.996000000000002,5.04,80.09,18.586,11.3675,78.47200000000001,0,301.95
324,Sunday,18:00:00,23.302,33.964,2.3040000000000003,0,1.423,32.112,0.013,0.47850000000000004,6.9864999999999995,13.247,30.25,12.947,5.072,5.1075,12.48,0,15.344,44.07,68.404,19.3435,0.0,31.9195,2.3280000000000003,8.690999999999999,7.075,21.74,93.1265,26.98,5.045,84.03999999999999,21.464,11.6955,82.688,0,302.15
325,Sunday,18:30:00,23.334,34.856,2.352,0,1.3915,32.144,0.013000000000000001,0.478,6.9830000000000005,12.463999999999999,34.75,14.408000000000001,4.5760000000000005,6.568,12.3515,0,48.367999999999995,1.33,81.29599999999999,19.3675,0.0,32.3515,9.82,8.552,10.748000000000001,20.08,91.293,26.948,5.05,76.8,32.588,14.328,83.696,0,295.6
326,Sunday,19:00:00,23.363,23.988,2.444,0,1.4075,38.543,0.012,0.47850000000000004,6.948,10.879999999999999,34.8,14.760000000000002,4.558999999999999,10.035,12.016,0,54.592,1.3399999999999999,75.04400000000001,19.404,0.0,32.1905,9.044,8.588000000000001,14.2475,23.426,91.86099999999999,26.916,5.04,46.51,32.238,14.4955,79.616,0,298.65
327,Sunday,19:30:00,23.339,22.423000000000002,2.352,0,1.391,38.6715,0.0135,0.486,6.935499999999999,14.2235,34.85,14.588,5.1355,17.4115,11.792,0,54.4955,1.25,86.804,19.4795,0.0,32.303,9.6875,8.4465,14.248,25.060000000000002,93.66749999999999,26.844,5.045,46.8,32.272000000000006,14.399999999999999,80.916,0,294.0
328,Sunday,20:00:00,23.373,22.2195,2.5395000000000003,0,1.471,38.6875,0.0135,0.486,6.8995,15.76,34.9,14.216,11.968,17.186999999999998,13.6475,0,55.8235,1.19,86.02799999999999,19.444,0.0,32.287,11.776,8.370999999999999,14.279499999999999,23.092,91.709,32.827999999999996,5.045,43.71,32.010000000000005,14.567499999999999,81.488,0,294.15
329,Sunday,20:30:00,23.374,21.419500000000003,2.348,0,5.087000000000001,38.7515,0.0135,0.486,6.832,12.3035,36.45,13.9155,15.712,17.96,13.215499999999999,0,56.191,28.220000000000002,89.41999999999999,19.468,0.0,32.143,1.9635,8.339500000000001,14.247499999999999,24.240000000000002,91.931,53.328,5.035,46.48,23.448,13.68,81.30799999999999,0,295.75
330,Sunday,21:00:00,23.371000000000002,23.832,2.164,0,7.5195,38.72,0.013,0.494,6.832,9.6155,36.049499999999995,10.5875,19.616,17.6715,12.5435,0,56.1435,80.33999999999999,79.316,19.492,0.0,32.095,11.936,8.692,14.307500000000001,22.552,90.8485,71.84,5.050000000000001,46.76,29.764,14.063500000000001,75.444,0,293.95000000000005
331,Sunday,21:30:00,23.483,33.3,2.0555000000000003,0,12.016,38.783,0.0135,0.48650000000000004,13.600000000000001,16.352,36.4,9.104,19.456,17.508000000000003,11.264,0,57.888,80.13999999999999,75.892,19.4755,0.0,32.207,3.3075,8.384,14.292,22.886000000000003,89.6015,80.092,5.050000000000001,46.260000000000005,32.378,15.847999999999999,68.616,0,295.55
332,Sunday,22:00:00,23.486,33.1635,1.88,0,11.888,38.783500000000004,0.014,0.5025,16.3,13.934999999999999,36.25,6.804,19.5355,16.866999999999997,10.9595,0,57.92,80.17999999999999,70.488,19.54,0.0,32.1265,11.728000000000002,8.147,14.2955,23.028,69.329,80.208,5.04,46.33,32.464,15.454999999999998,63.007999999999996,0,296.85
333,Sunday,22:30:00,23.479,32.835499999999996,0.86,0,11.904,38.8,0.014,0.47850000000000004,12.136,11.2315,36.05,6.0035,19.52,17.596,11.0235,0,53.3755,90.61999999999999,62.428,19.484,0.0,32.1265,5.1080000000000005,8.0635,14.2835,23.208,86.7485,80.212,5.04,46.31,32.848,11.127500000000001,65.016,0,296.15
334,Sunday,23:00:00,23.356,32.716,1.0234999999999999,0,11.904,38.7995,0.014,0.494,11.2355,10.319500000000001,36.0,5.6754999999999995,19.9195,18.567999999999998,10.7835,0,43.552,144.41,59.81999999999999,19.823999999999998,0.0,31.982999999999997,5.884,14.5835,14.291,23.422,93.2755,80.12,5.035,46.39,33.01,11.368,59.06,0,298.35
335,Sunday,23:30:00,23.371,34.724000000000004,1.055,0,11.84,38.768,0.014,50.6395,12.7635,14.032,36.0,5.435499999999999,19.6955,16.364,10.6875,0,40.4955,270.15,44.775999999999996,19.904,0.0,32.0625,6.332,14.735000000000001,14.331,23.838,99.22800000000001,101.072,5.025,22.200000000000003,31.972,14.239,54.396,0,296.7
